Year,Player,Team,Position,GP,TOI,Goals,Total Assists,First Assists,Second Assists,Total Points,IPP,Shots,SH%,ixG,iCF,iFF,iSCF,iHDCF,Rush Attempts,Rebounds Created,PIM,Total Penalties,Minor,Major,Misconduct,Penalties Drawn,Giveaways,Takeaways,Hits,Hits Taken,Shots Blocked,Faceoffs Won,Faceoffs Lost,Faceoffs %
2022-2023,Erik Karlsson,S.J,D,82,1667.8,16,48,29,19,64,66.67,152,10.53,8.15,355,206,123,22,12,31,30,11,10,0,1,13,84,73,29,92,16,0,1,0
2022-2023,Adam Larsson,SEA,D,82,1607.15,6,22,12,10,28,32.18,133,4.51,5.91,282,195,66,15,5,16,41,19,18,1,0,6,29,29,196,95,113,0,0,-
2022-2023,Drew Doughty,L.A,D,81,1566.5,4,15,3,12,19,32.2,88,4.55,4.11,186,124,49,11,4,13,20,10,10,0,0,17,46,21,95,151,9,0,0,-
2022-2023,Owen Power,BUF,D,79,1560.383333,3,21,8,13,24,27.27,106,2.83,6.29,184,132,80,18,1,16,18,9,9,0,0,8,43,22,24,135,60,0,0,-
2022-2023,Colton Parayko,STL,D,79,1554.75,4,17,5,12,21,42,117,3.42,5.03,229,163,53,9,2,14,28,14,14,0,0,7,44,55,108,114,112,0,0,-
2022-2023,Vince Dunn,SEA,D,81,1551.583333,13,29,12,17,42,40.78,121,10.74,6.38,260,179,83,10,2,16,51,23,22,1,0,21,47,41,106,94,58,0,0,-
2022-2023,Rasmus Dahlin,BUF,D,78,1529.283333,9,24,14,10,33,40.24,144,6.25,8.22,263,185,105,27,3,17,74,33,32,0,1,15,47,39,90,125,98,0,0,-
2022-2023,Darnell Nurse,EDM,D,82,1524.183333,7,24,12,12,31,42.47,165,4.24,7.35,342,226,98,16,8,25,60,26,24,2,0,10,61,33,132,75,96,0,0,-
2022-2023,Miro Heiskanen,DAL,D,79,1523.633333,5,25,12,13,30,41.1,141,3.55,7.26,300,199,102,16,1,37,30,15,15,0,0,9,54,38,44,142,70,0,0,-
2022-2023,Cam Fowler,ANA,D,82,1509.2,6,20,10,10,26,47.27,87,6.9,4.66,190,125,65,15,1,8,12,6,6,0,0,3,38,22,14,69,71,0,0,-
2022-2023,Ivan Provorov,PHI,D,82,1508.383333,5,13,5,8,18,32.14,96,5.21,4.83,220,150,65,13,4,14,22,11,11,0,0,6,70,21,85,132,92,0,0,-
2022-2023,Devon Toews,COL,D,80,1498.816667,6,28,10,18,34,43.04,134,4.48,5.94,254,174,74,17,6,18,22,10,10,0,0,12,29,40,73,53,91,0,0,-
2022-2023,Gustav Forsling,FLA,D,82,1487.6,12,20,14,6,32,40.51,170,7.06,7.19,345,224,102,15,8,24,32,16,16,0,0,9,38,29,61,97,46,0,0,-
2022-2023,Justin Faulk,STL,D,82,1487.05,7,26,14,12,33,44,144,4.86,6.35,263,182,82,17,2,10,28,14,14,0,0,6,47,39,107,63,92,0,0,-
2022-2023,Josh Morrissey,WPG,D,78,1473.35,12,28,19,9,40,53.33,127,9.45,7.58,274,185,98,19,2,18,37,17,16,1,0,15,53,28,80,65,87,0,0,-
2022-2023,Quinn Hughes,VAN,D,78,1469.2,4,27,13,14,31,38.27,95,4.21,3.95,227,135,69,10,6,9,24,12,12,0,0,18,33,41,25,85,56,0,0,-
2022-2023,K'Andre Miller,NYR,D,79,1465.3,7,24,9,15,31,46.27,101,6.93,5.47,215,149,75,14,5,10,35,16,15,1,0,4,64,50,152,91,72,0,0,-
2022-2023,Matt Dumba,MIN,D,79,1453.85,4,10,6,4,14,31.11,88,4.55,5.02,236,143,65,12,4,20,67,28,25,3,0,15,32,14,96,56,83,0,0,-
2022-2023,Brett Pesce,CAR,D,82,1449.25,2,18,11,7,20,30.77,123,1.63,5.09,300,186,66,10,8,24,33,15,14,1,0,10,19,50,32,108,65,0,0,-
2022-2023,Nick Leddy,STL,D,78,1448.033333,2,18,10,8,20,30.77,73,2.74,3.84,155,110,49,7,2,9,20,10,10,0,0,14,33,40,37,44,70,0,0,-
2022-2023,Scott Mayfield,NYI,D,82,1442.233333,6,16,7,9,22,43.14,118,5.08,4.98,291,171,70,14,2,24,70,27,25,0,2,14,59,21,99,89,106,0,0,-
2022-2023,Ryan Pulock,NYI,D,82,1438.35,4,17,8,9,21,31.34,110,3.64,4.82,266,164,64,4,2,24,12,6,6,0,0,7,34,19,132,105,85,0,0,-
2022-2023,Adam Fox,NYR,D,82,1435.05,8,26,12,14,34,49.28,101,7.92,6.76,207,138,100,27,3,12,20,10,10,0,0,13,58,65,19,85,78,0,0,-
2022-2023,Mikey Anderson,L.A,D,77,1433.816667,4,13,2,11,17,29.31,83,4.82,4.21,181,125,60,10,0,15,38,15,14,0,1,12,27,17,150,158,11,0,0,-
2022-2023,Brady Skjei,CAR,D,81,1433.666667,11,16,6,10,27,45,160,6.88,7.12,354,243,105,21,4,32,38,19,19,0,0,4,46,32,64,70,43,0,0,-
2022-2023,MacKenzie Weegar,CGY,D,81,1430.733333,4,22,8,14,26,41.94,138,2.9,7.18,320,205,88,14,4,22,39,18,17,1,0,9,53,34,167,118,80,0,0,-
2022-2023,Mikhail Sergachev,T.B,D,79,1422.6,7,26,15,11,33,45.83,120,5.83,5.87,279,177,80,13,5,21,49,23,22,1,0,10,39,44,108,123,19,0,0,-
2022-2023,Dougie Hamilton,N.J,D,82,1422.55,13,23,11,12,36,44.44,208,6.25,8.81,411,287,125,23,12,31,44,22,22,0,0,6,65,18,58,71,9,0,0,-
2022-2023,Neal Pionk,WPG,D,82,1419.483333,6,18,7,11,24,42.11,113,5.31,5.12,234,171,48,12,7,16,35,16,15,1,0,12,44,27,135,133,98,0,0,-
2022-2023,Jacob Trouba,NYR,D,82,1418.733333,5,16,8,8,21,31.82,169,2.96,6.72,311,216,80,16,6,37,57,21,16,5,0,16,45,29,199,78,135,0,0,-
2022-2023,Brandon Montour,FLA,D,80,1416.9,11,22,11,11,33,39.76,163,6.75,9.64,302,229,104,31,10,23,79,22,17,1,4,18,43,27,86,70,60,0,0,-
2022-2023,Brayden McNabb,VGK,D,82,1408.4,1,11,6,5,12,20,86,1.16,4.14,214,127,54,7,1,22,37,14,11,3,0,12,25,33,175,154,126,0,0,-
2022-2023,Andrew Peeke,CBJ,D,80,1408.133333,5,5,2,3,10,22.73,81,6.17,2.58,176,115,38,4,3,12,22,11,11,0,0,13,28,21,157,111,142,0,0,-
2022-2023,Noah Hanifin,CGY,D,81,1406.833333,5,19,10,9,24,35.29,129,3.88,6.35,291,194,84,18,3,25,27,11,10,1,0,5,43,30,68,87,85,0,0,-
2022-2023,Brian Dumoulin,PIT,D,82,1401.983333,1,18,12,6,19,36.54,69,1.45,3.49,173,105,58,9,2,19,14,7,7,0,0,9,40,29,104,170,95,0,0,-
2022-2023,Tyler Myers,VAN,D,78,1399.116667,1,11,6,5,12,21.43,93,1.08,4.44,206,130,65,10,4,6,64,28,26,2,0,4,43,20,81,89,105,0,0,-
2022-2023,Rasmus Andersson,CGY,D,79,1393.05,8,16,11,5,24,35.29,110,7.27,5.51,206,156,63,14,6,15,18,9,9,0,0,12,41,21,40,86,94,0,0,-
2022-2023,Travis Sanheim,PHI,D,81,1391.566667,6,12,9,3,18,39.13,94,6.38,6.04,174,131,64,20,4,10,38,19,19,0,0,12,37,18,58,131,102,0,0,-
2022-2023,Brent Burns,CAR,D,82,1390.983333,12,18,13,5,30,46.88,184,6.52,6.71,412,269,109,18,3,38,38,19,19,0,0,8,36,39,34,40,48,0,0,-
2022-2023,Samuel Girard,COL,D,76,1387.9,4,21,7,14,25,45.45,108,3.7,4.27,242,140,69,9,4,14,14,7,7,0,0,8,33,37,62,94,92,0,0,-
2022-2023,Jonas Siegenthaler,N.J,D,80,1382.883333,3,16,7,9,19,24.36,74,4.05,2.67,178,125,32,2,4,14,42,21,21,0,0,12,35,22,86,159,6,0,0,-
2022-2023,Hampus Lindholm,BOS,D,80,1381.633333,6,22,12,10,28,36.84,121,4.96,6.12,242,159,87,19,9,17,40,20,20,0,0,14,52,25,67,127,63,0,0,-
2022-2023,Nicolas Hague,VGK,D,81,1377.683333,2,14,9,5,16,27.59,99,2.02,4.08,240,151,59,9,3,20,51,16,13,1,2,13,25,18,112,194,111,0,0,-
2022-2023,Jack Johnson,"CHI, COL",D,83,1375,2,3,1,2,5,13.16,86,2.33,3.07,163,110,35,9,1,6,28,14,14,0,0,10,35,14,104,90,95,0,0,-
2022-2023,Victor Hedman,T.B,D,76,1373.833333,6,20,10,10,26,41.94,145,4.14,6.28,303,221,83,11,10,23,36,14,13,0,1,12,64,36,83,98,14,0,0,-
2022-2023,Jaccob Slavin,CAR,D,76,1368.75,4,17,8,9,21,35.59,115,3.48,5.27,272,177,90,14,5,27,8,4,4,0,0,6,36,66,26,117,69,0,0,-
2022-2023,Damon Severson,N.J,D,81,1365.216667,4,23,11,12,27,45,87,4.6,4.5,210,125,65,12,3,20,28,14,14,0,0,5,37,23,39,65,11,0,0,-
2022-2023,Ryan Suter,DAL,D,82,1363.85,3,17,7,10,20,36.36,82,3.66,3.92,203,135,54,11,2,13,24,12,12,0,0,6,35,20,69,48,84,0,0,-
2022-2023,Mikko Rantanen,COL,R,82,1357.733333,32,21,14,7,53,70.67,204,15.69,19.59,362,274,204,84,9,26,80,32,30,0,2,27,33,55,70,112,32,155,152,50.49
2022-2023,Nick Jensen,WSH,D,77,1351.866667,5,23,14,9,28,54.9,99,5.05,4.62,240,148,65,11,5,21,18,9,9,0,0,12,54,32,86,164,92,0,0,-
2022-2023,Brenden Dillon,WPG,D,82,1347.016667,2,16,9,7,18,39.13,78,2.56,3.23,194,119,44,6,3,7,70,24,19,4,1,16,34,13,177,91,68,0,0,-
2022-2023,Connor Murphy,CHI,D,80,1345.733333,4,5,3,2,9,20.93,77,5.19,2.74,165,102,38,9,3,13,67,26,21,5,0,21,32,23,151,119,112,0,0,-
2022-2023,Thomas Chabot,OTT,D,68,1335.216667,4,10,4,6,14,21.54,118,3.39,6.03,263,165,79,14,6,21,40,20,20,0,0,10,52,11,73,133,105,0,0,-
2022-2023,Justin Holl,TOR,D,80,1329.5,2,15,2,13,17,27.87,55,3.64,2.78,101,68,32,12,1,5,37,17,16,1,0,12,49,23,125,230,88,0,0,-
2022-2023,Ryan Graves,N.J,D,78,1326.883333,8,13,4,9,21,30,135,5.93,5.15,278,174,73,9,6,20,24,12,12,0,0,5,41,18,81,105,10,0,0,-
2022-2023,Moritz Seider,DET,D,82,1326.416667,3,18,9,9,21,38.18,99,3.03,3.49,194,137,43,4,4,11,30,15,15,0,0,15,34,19,150,77,113,0,0,-
2022-2023,Cody Ceci,EDM,D,80,1318.666667,1,11,4,7,12,21.82,82,1.22,3.87,183,116,54,12,7,17,22,11,11,0,0,3,32,16,121,140,69,0,0,-
2022-2023,Tyson Barrie,"EDM, NSH",D,85,1309.983333,8,13,8,5,21,41.18,111,7.21,5.7,213,146,53,15,4,17,28,14,14,0,0,11,38,24,50,106,64,0,0,-
2022-2023,Seth Jones,CHI,D,72,1309.133333,8,12,6,6,20,40,119,6.72,5.63,230,164,65,14,5,18,22,10,10,0,0,4,48,36,96,88,88,0,0,-
2022-2023,Connor McDavid,EDM,C,82,1308.266667,32,27,20,7,59,78.67,209,15.31,21.88,305,260,221,102,10,22,30,15,15,0,0,33,50,56,78,81,33,451,428,51.31
2022-2023,Mattias Ekholm,"EDM, NSH",D,78,1304.233333,8,15,10,5,23,36.51,118,6.78,6.29,246,168,74,22,2,15,22,11,11,0,0,7,33,21,77,101,63,0,0,-
2022-2023,Alex Pietrangelo,VGK,D,73,1297.6,7,24,10,14,31,49.21,130,5.38,4.86,246,174,58,11,5,12,10,5,5,0,0,4,42,45,56,154,113,0,0,-
2022-2023,Nikita Zadorov,CGY,D,82,1295.283333,13,6,4,2,19,30.16,122,10.66,6.12,253,164,81,12,2,23,72,28,25,2,1,19,46,28,151,92,51,0,0,-
2022-2023,Matt Roy,L.A,D,82,1292.266667,5,13,5,8,18,30,115,4.35,5.12,228,164,64,14,1,12,20,10,10,0,0,2,38,6,105,179,20,0,0,-
2022-2023,Clayton Keller,ARI,R,82,1290.833333,24,29,23,6,53,81.54,158,15.19,14.17,271,212,160,57,7,20,43,16,14,1,1,24,49,48,17,53,24,16,26,38.1
2022-2023,Roman Josi,NSH,D,67,1289,8,23,15,8,31,49.21,163,4.91,8.94,356,222,137,29,5,25,34,17,17,0,0,15,25,20,43,104,102,0,0,-
2022-2023,Alexander Romanov,NYI,D,76,1288.8,2,18,9,9,20,37.74,94,2.13,3.66,226,128,51,8,1,17,41,19,18,1,0,14,48,20,182,163,92,0,0,-
2022-2023,Ben Chiarot,DET,D,76,1286,3,14,7,7,17,36.96,93,3.23,4.01,193,130,44,6,4,5,41,19,18,1,0,5,16,6,125,98,106,0,0,-
2022-2023,Alec Martinez,VGK,D,77,1285.8,1,9,3,6,10,15.87,68,1.47,3.38,184,106,50,10,1,15,29,13,12,1,0,6,29,27,44,138,165,0,0,-
2022-2023,Jake Middleton,MIN,D,79,1284.2,3,11,5,6,14,30.43,67,4.48,3.44,162,107,42,11,3,11,72,22,16,4,2,11,22,14,106,61,104,0,0,-
2022-2023,Erik Gudbranson,CBJ,D,70,1283.316667,1,10,4,6,11,27.5,92,1.09,3,204,130,45,5,1,17,51,21,18,3,0,10,31,11,109,111,90,0,0,-
2022-2023,Olli Maatta,DET,D,78,1282.716667,5,17,8,9,22,53.66,59,8.47,2.42,134,89,31,3,1,6,14,7,7,0,0,7,34,23,63,161,85,0,0,-
2022-2023,Esa Lindell,DAL,D,82,1280.616667,5,13,6,7,18,33.33,93,5.38,4.07,201,124,60,10,4,10,10,5,5,0,0,4,42,27,72,130,85,0,0,-
2022-2023,Jake McCabe,"CHI, TOR",D,76,1275.35,3,18,9,9,21,34.43,89,3.37,4.09,175,126,48,12,4,8,54,18,15,2,1,14,38,27,144,113,102,0,0,-
2022-2023,Jani Hakanpää,DAL,D,82,1274.716667,5,9,4,5,14,27.45,76,6.58,3.49,197,118,50,11,4,12,56,25,23,2,0,15,41,12,188,174,75,0,0,-
2022-2023,Jared Spurgeon,MIN,D,79,1274.616667,9,14,7,7,23,40.35,123,7.32,6.95,240,176,81,24,5,16,14,7,7,0,0,5,16,8,56,74,105,0,0,-
2022-2023,Leon Draisaitl,EDM,C,80,1269.716667,17,34,29,5,51,68.92,119,14.29,12.17,219,175,140,52,6,19,18,9,9,0,0,20,79,61,62,115,28,475,442,51.8
2022-2023,Vladislav Gavrikov,"CBJ, L.A",D,72,1262.333333,3,10,6,4,13,29.55,72,4.17,5.46,142,105,47,20,3,15,30,15,15,0,0,5,13,20,62,49,53,0,0,-
2022-2023,Mark Scheifele,WPG,C,81,1261.233333,25,14,7,7,39,69.64,127,19.69,15.35,218,174,166,82,6,10,21,9,8,1,0,24,34,52,42,93,30,441,476,48.09
2022-2023,Mario Ferraro,S.J,D,72,1253.766667,2,6,1,5,8,19.05,55,3.64,3.61,130,83,38,11,1,10,24,12,12,0,0,8,26,38,111,144,22,0,1,0
2022-2023,Brett Kulak,EDM,D,82,1251.733333,3,13,2,11,16,28.57,109,2.75,3.33,203,137,36,8,3,9,39,18,17,1,0,10,36,23,95,106,68,0,0,-
2022-2023,Kyle Connor,WPG,L,82,1246.7,20,22,14,8,42,70,170,11.76,18.97,299,235,215,99,10,21,18,9,9,0,0,8,29,36,42,57,19,2,5,28.57
2022-2023,Ian Cole,T.B,D,78,1242.783333,3,11,7,4,14,26.92,97,3.09,3.93,200,132,44,9,2,9,61,29,28,1,0,6,39,25,109,141,16,0,0,-
2022-2023,J.J. Moser,ARI,D,82,1241.983333,3,15,7,8,18,37.5,65,4.62,3.54,161,95,49,9,4,17,35,16,15,1,0,10,33,11,67,128,73,0,0,-
2022-2023,Sidney Crosby,PIT,C,82,1240.916667,22,33,19,14,55,82.09,180,12.22,19.53,307,249,179,98,22,33,50,17,15,0,2,17,57,54,69,77,37,739,665,52.64
2022-2023,Marc Staal,FLA,D,82,1239.15,3,11,4,7,14,22.58,48,6.25,3.91,149,93,52,15,2,17,41,15,13,1,1,13,20,12,137,82,85,0,0,-
2022-2023,Niko Mikkola,"NYR, STL",D,81,1238.65,1,5,2,3,6,11.11,58,1.72,2.52,122,86,29,3,3,5,56,25,23,2,0,7,33,7,138,148,84,0,0,-
2022-2023,Colin Miller,DAL,D,79,1237.816667,5,13,7,6,18,29.51,94,5.32,4.29,254,155,71,6,4,17,35,16,15,1,0,13,44,28,104,109,52,0,0,-
2022-2023,Connor Clifton,BOS,D,78,1235.35,4,16,8,8,20,34.48,88,4.55,4.97,166,131,54,15,3,10,56,22,18,4,0,19,45,18,185,189,91,0,0,-
2022-2023,Evan Bouchard,EDM,D,82,1234.766667,5,20,7,13,25,37.88,118,4.24,5.13,288,160,70,8,3,14,26,13,13,0,0,8,66,55,85,95,60,0,0,-
2022-2023,Ryan McDonagh,NSH,D,71,1234.2,2,14,8,6,16,29.09,69,2.9,4.11,163,109,52,11,6,12,20,10,10,0,0,6,49,38,55,51,95,0,0,-
2022-2023,Simon Benoit,ANA,D,78,1233,3,6,1,5,9,22.5,74,4.05,3.91,164,111,45,7,2,17,56,21,18,2,1,8,31,6,197,96,77,0,0,-
2022-2023,Shayne Gostisbehere,"ARI, CAR",D,75,1231.916667,4,15,7,8,19,36.54,93,4.3,4.45,216,144,65,10,4,15,16,8,8,0,0,19,48,26,39,61,64,0,0,-
2022-2023,Dylan DeMelo,WPG,D,75,1230.266667,3,19,9,10,22,41.51,87,3.45,4.2,184,128,49,10,2,11,50,25,25,0,0,13,42,15,113,102,63,0,0,-
2022-2023,Nikita Kucherov,T.B,R,82,1226.766667,15,36,20,16,51,70.83,156,9.62,15.25,336,237,191,67,12,39,22,11,11,0,0,31,66,50,51,87,5,0,0,-
2022-2023,Kris Letang,PIT,D,64,1226.483333,4,12,3,9,16,30.77,123,3.25,5.24,288,175,78,11,6,18,26,13,13,0,0,10,61,40,144,134,80,0,0,-
2022-2023,Marcus Pettersson,PIT,D,68,1225.233333,1,20,13,7,21,37.5,85,1.18,4.71,200,137,62,17,9,23,44,19,17,2,0,8,40,22,120,168,92,0,0,-
2022-2023,Artemi Panarin,NYR,L,82,1224.2,19,31,19,12,50,79.37,119,15.97,10.7,236,170,119,33,7,14,24,12,12,0,0,14,89,34,22,37,8,6,12,33.33
2022-2023,Trevor Zegras,ANA,C,81,1217.866667,16,25,18,7,41,71.93,138,11.59,11.84,271,192,153,47,5,19,68,26,24,0,2,26,56,27,35,85,27,219,321,40.56
2022-2023,Zach Hyman,EDM,L,79,1216.05,15,33,20,13,48,60.76,193,7.77,24.58,311,260,254,137,8,27,33,15,14,1,0,22,22,32,74,141,12,4,6,40
2022-2023,Nick Suzuki,MTL,C,82,1213.516667,14,27,15,12,41,64.06,104,13.46,9.72,181,137,98,43,9,13,29,9,7,1,1,19,41,34,44,61,41,476,536,47.04
2022-2023,Noah Dobson,NYI,D,78,1211.566667,7,19,12,7,26,42.62,132,5.3,5.07,316,203,68,9,11,25,16,8,8,0,0,7,39,33,56,112,87,0,0,-
2022-2023,Mark Giordano,TOR,D,78,1211.166667,2,19,8,11,21,37.5,97,2.06,3.34,208,139,57,6,5,18,45,21,20,1,0,8,37,19,55,160,99,0,0,-
2022-2023,Matthew Benning,S.J,D,77,1205.583333,1,20,11,9,21,45.65,52,1.92,2.4,141,80,39,5,3,8,18,9,9,0,0,18,36,12,85,122,23,0,0,-
2022-2023,Vincent Trocheck,NYR,C,82,1205.566667,10,30,21,9,40,72.73,145,6.9,16.3,273,223,176,87,9,17,56,25,23,2,0,20,50,47,176,91,31,508,423,54.56
2022-2023,Johnny Gaudreau,CBJ,L,80,1204.666667,13,26,15,11,39,72.22,157,8.28,15.55,277,215,163,53,14,22,12,6,6,0,0,21,34,45,5,26,15,0,0,-
2022-2023,Caleb Jones,CHI,D,73,1204.366667,2,9,4,5,11,25,70,2.86,3.59,160,104,52,8,5,16,34,17,17,0,0,7,44,28,110,94,89,0,0,-
2022-2023,Brayden Point,T.B,C,82,1203.25,29,30,16,14,59,79.73,155,18.71,19.66,257,208,214,116,13,26,5,1,0,1,0,14,33,42,34,87,4,331,339,49.4
2022-2023,Jack Hughes,N.J,C,78,1201.766667,28,28,18,10,56,78.87,221,12.67,21.3,360,277,214,79,11,29,6,3,3,0,0,16,61,52,9,88,0,149,277,34.98
2022-2023,Rickard Rakell,PIT,R,82,1199.983333,16,19,6,13,35,57.38,170,9.41,20.83,302,237,190,100,6,27,8,4,4,0,0,11,35,26,131,143,38,6,7,46.15
2022-2023,Jamie Oleksiak,SEA,D,75,1193.75,7,15,6,9,22,37.93,69,10.14,3.37,153,102,50,8,2,5,60,21,15,6,0,9,33,34,110,99,72,0,0,-
2022-2023,Nathan MacKinnon,COL,C,71,1189.733333,25,40,30,10,65,80.25,231,10.82,17.85,398,300,212,75,14,22,24,12,12,0,0,28,34,39,47,59,31,452,567,44.36
2022-2023,Will Borgen,SEA,D,82,1188.733333,3,16,9,7,19,32.2,69,4.35,2.67,159,107,38,2,3,15,43,17,14,3,0,16,22,12,175,126,71,0,0,-
2022-2023,J.T. Compher,COL,L,82,1188.583333,12,18,11,7,30,60,105,11.43,11.62,172,136,120,48,5,7,33,15,14,1,0,14,23,23,32,80,52,554,557,49.86
2022-2023,Braden Schneider,NYR,D,81,1188.233333,5,11,5,6,16,32.65,76,6.58,2.95,163,99,45,7,3,13,16,5,3,2,0,10,51,20,141,182,108,0,0,-
2022-2023,Jason Robertson,DAL,L,82,1186.483333,26,30,19,11,56,78.87,194,13.4,17.29,356,260,193,78,3,35,12,6,6,0,0,10,58,56,54,73,14,0,0,-
2022-2023,Matt Grzelcyk,BOS,D,75,1186.483333,3,19,8,11,22,31.43,89,3.37,3.75,185,135,43,7,2,11,26,13,13,0,0,4,29,13,48,94,69,0,0,-
2022-2023,Jake Guentzel,PIT,L,78,1186.166667,16,21,16,5,37,62.71,150,10.67,18.34,295,215,207,105,5,25,42,20,20,0,0,28,36,33,75,129,36,6,7,46.15
2022-2023,David Pastrnak,BOS,R,82,1185.833333,34,27,14,13,61,83.56,254,13.39,20.96,431,330,242,87,16,30,26,12,12,0,0,23,84,44,82,103,21,6,9,40
2022-2023,Timo Meier,"N.J, S.J",R,78,1181.95,22,14,9,5,36,60,234,9.4,24.45,443,339,270,108,12,44,41,19,18,1,0,24,53,50,143,113,4,20,35,36.36
2022-2023,Dante Fabbro,NSH,D,79,1181.4,1,8,3,5,9,25,93,1.08,3.49,190,121,49,6,4,19,44,22,22,0,0,7,32,17,102,159,87,0,0,-
2022-2023,Martin Fehervary,WSH,D,67,1180.8,4,10,5,5,14,31.11,79,5.06,4.91,172,111,60,19,5,13,27,12,11,1,0,14,32,12,209,151,81,0,0,-
2022-2023,Kevin Shattenkirk,ANA,D,75,1179.95,3,15,7,8,18,37.5,106,2.83,3.55,210,142,51,10,5,16,42,21,21,0,0,4,29,30,77,70,93,0,0,-
2022-2023,Dmitry Orlov,"BOS, WSH",D,66,1178.3,4,17,5,12,21,43.75,104,3.85,5.47,198,134,72,15,0,18,18,9,9,0,0,7,38,24,120,56,66,0,0,-
2022-2023,Jake Sanderson,OTT,D,77,1174.35,2,12,7,5,14,30.43,88,2.27,4.21,192,130,59,8,3,22,10,5,5,0,0,13,35,24,37,166,84,0,0,-
2022-2023,Tony DeAngelo,PHI,D,70,1172.3,5,14,9,5,19,39.58,118,4.24,5.42,197,152,49,12,2,17,46,15,12,2,1,13,49,18,42,46,55,0,0,-
2022-2023,Trevor van Riemsdyk,WSH,D,75,1172.283333,7,13,5,8,20,32.79,87,8.05,3.44,180,117,47,9,2,9,15,6,5,1,0,8,34,27,18,89,102,0,0,-
2022-2023,Juuso Valimaki,ARI,D,78,1170.766667,2,15,6,9,17,32.08,79,2.53,5.04,160,114,62,17,5,9,57,23,21,1,1,10,44,14,48,143,70,0,0,-
2022-2023,Mats Zuccarello,MIN,R,78,1170.6,9,21,18,3,30,69.77,117,7.69,10.81,237,172,127,50,11,22,22,11,11,0,0,18,29,39,46,64,38,22,32,40.74
2022-2023,Tomas Hertl,S.J,C,79,1169.283333,13,20,10,10,33,62.26,119,10.92,14.68,238,170,162,85,9,23,36,18,18,0,0,15,29,43,88,64,11,582,495,54.04
2022-2023,Anze Kopitar,L.A,C,82,1166.933333,17,29,16,13,46,76.67,121,14.05,13.11,210,174,133,66,3,16,4,2,2,0,0,8,35,35,57,77,12,590,459,56.24
2022-2023,Johnathan Kovacevic,MTL,D,77,1165.7,3,12,6,6,15,28.85,88,3.41,4.75,194,128,54,9,1,17,37,13,11,1,1,12,76,29,86,101,60,0,0,-
2022-2023,Rasmus Sandin,"TOR, WSH",D,71,1157.866667,7,16,6,10,23,38.33,73,9.59,3.26,149,97,50,10,6,8,32,13,11,2,0,9,44,23,134,158,68,0,0,-
2022-2023,Tim Stützle,OTT,L,78,1157.55,20,26,15,11,46,74.19,137,14.6,15.79,264,192,173,80,11,18,46,23,23,0,0,31,41,49,108,113,42,191,250,43.31
2022-2023,Brayden Schenn,STL,C,82,1155.816667,12,29,16,13,41,80.39,100,12,10.04,180,140,115,45,2,8,38,16,14,2,0,15,38,35,134,58,24,354,419,45.8
2022-2023,Bo Horvat,"NYI, VAN",C,79,1152.583333,19,19,13,6,38,71.7,141,13.48,15.23,219,185,144,82,4,9,18,9,9,0,0,16,31,31,55,55,42,595,484,55.14
2022-2023,Rasmus Ristolainen,PHI,D,74,1150.566667,1,10,4,6,11,25.58,69,1.45,2.42,140,96,24,4,4,10,30,15,15,0,0,6,38,19,139,148,86,0,0,-
2022-2023,Aaron Ekblad,FLA,D,71,1149.716667,4,11,8,3,15,28.85,132,3.03,6.4,235,175,78,19,3,24,48,23,23,0,0,14,39,24,53,46,46,0,0,-
2022-2023,Carter Verhaeghe,FLA,C,81,1148.183333,28,24,11,13,52,76.47,202,13.86,21.23,337,257,211,94,7,34,42,21,21,0,0,24,44,35,28,100,15,20,18,52.63
2022-2023,Auston Matthews,TOR,C,74,1145.783333,26,26,19,7,52,69.33,233,11.16,25.65,399,320,284,124,8,38,14,7,7,0,0,28,41,61,71,86,79,517,465,52.65
2022-2023,Erik Gustafsson,"TOR, WSH",D,70,1143.9,7,17,9,8,24,44.44,102,6.86,5.04,220,157,70,18,5,13,21,9,8,1,0,9,40,20,48,111,55,0,0,-
2022-2023,Mitchell Marner,TOR,R,80,1143.883333,15,38,28,10,53,82.81,116,12.93,9.39,248,163,126,38,6,20,22,11,11,0,0,18,65,77,48,100,26,0,3,0
2022-2023,Drake Batherson,OTT,R,82,1142.766667,7,22,15,7,29,67.44,169,4.14,16.88,303,246,173,69,17,21,29,13,12,1,0,17,27,34,108,86,26,11,21,34.38
2022-2023,Claude Giroux,OTT,R,82,1138.733333,23,19,14,5,42,73.68,149,15.44,15,241,205,149,77,15,10,28,14,14,0,0,19,26,40,66,47,23,410,274,59.94
2022-2023,Alex DeBrincat,OTT,R,82,1138,12,18,14,4,30,71.43,167,7.19,15.9,296,225,177,70,6,27,39,10,7,1,2,20,25,37,101,70,32,8,8,50
2022-2023,Martin Necas,CAR,C,82,1136.983333,13,22,19,3,35,58.33,167,7.78,15.21,293,235,174,66,10,21,28,14,14,0,0,22,45,40,54,97,17,146,176,45.34
2022-2023,Ryan Strome,ANA,C,82,1132.383333,10,22,10,12,32,68.09,98,10.2,10.48,155,126,88,49,7,18,66,26,23,2,1,10,45,22,27,46,21,320,428,42.78
2022-2023,Kevin Hayes,PHI,C,81,1131.066667,10,22,19,3,32,71.11,168,5.95,14.22,291,233,132,59,7,26,21,9,8,1,0,12,30,34,48,44,20,262,277,48.61
2022-2023,Brandon Carlo,BOS,D,75,1130.25,2,11,6,5,13,22.03,81,2.47,3.78,152,111,56,12,4,9,34,14,12,2,0,6,17,20,114,150,79,0,0,-
2022-2023,Yanni Gourde,SEA,C,81,1129.733333,7,30,16,14,37,62.71,118,5.93,11.84,205,167,116,64,7,18,65,23,19,3,1,27,26,52,108,97,39,408,424,49.04
2022-2023,Brock Nelson,NYI,C,82,1128.833333,24,24,14,10,48,67.61,143,16.78,16.15,260,190,185,93,13,35,22,11,11,0,0,18,30,40,46,64,33,422,469,47.36
2022-2023,Chandler Stephenson,VGK,C,81,1128.716667,7,37,22,15,44,74.58,77,9.09,9.31,131,103,86,46,8,14,20,6,5,0,1,16,21,51,62,108,39,468,341,57.85
2022-2023,John Klingberg,"ANA, MIN",D,67,1127.533333,6,13,10,3,19,43.18,64,9.38,3.38,164,100,56,9,8,11,28,14,14,0,0,5,38,16,54,114,69,0,0,-
2022-2023,William Nylander,TOR,R,82,1124.75,22,27,13,14,49,76.56,204,10.78,19.94,357,277,223,96,18,23,22,11,11,0,0,17,29,64,17,84,22,20,21,48.78
2022-2023,Evgeni Malkin,PIT,C,82,1123.8,15,29,20,9,44,83.02,154,9.74,15.54,241,193,155,73,12,24,72,28,26,0,2,22,72,75,45,89,22,394,408,49.13
2022-2023,Max Domi,"CHI, DAL",C,80,1123.283333,7,24,17,7,31,67.39,106,6.6,9.97,195,150,119,48,5,19,76,23,18,2,3,15,41,54,20,31,22,439,379,53.67
2022-2023,Ivan Barbashev,"STL, VGK",C,82,1122.683333,12,24,12,12,36,67.92,95,12.63,11.63,171,133,131,64,6,12,38,15,13,2,0,22,37,43,178,107,34,50,74,40.32
2022-2023,Marc-Edouard Vlasic,S.J,D,78,1121.733333,1,15,3,12,16,35.56,60,1.67,3.63,165,106,48,11,5,14,16,4,3,0,1,5,34,28,38,73,23,0,0,-
2022-2023,Matthew Tkachuk,FLA,L,79,1120.933333,22,36,22,14,58,65.17,194,11.34,20.64,334,251,211,99,8,33,64,25,22,2,1,36,43,33,64,49,22,9,8,52.94
2022-2023,Troy Stecher,"ARI, CGY",D,81,1120.1,3,11,7,4,14,42.42,81,3.7,3.36,173,106,54,11,0,10,36,15,13,2,0,10,33,16,59,101,56,0,0,-
2022-2023,David Savard,MTL,D,62,1119.033333,3,14,5,9,17,45.95,58,5.17,2.46,112,76,37,9,2,6,36,10,8,0,2,6,49,11,49,71,108,0,0,-
2022-2023,Jordan Kyrou,STL,C,79,1118.7,22,20,12,8,42,75,200,11,15.96,337,261,188,56,17,10,16,8,8,0,0,11,48,50,12,78,25,4,9,30.77
2022-2023,Steven Stamkos,T.B,C,81,1113.25,16,25,16,9,41,65.08,132,12.12,15.05,229,179,168,69,6,24,38,19,19,0,0,15,36,21,85,74,9,333,271,55.13
2022-2023,Michael Bunting,TOR,L,82,1112.833333,14,22,16,6,36,55.38,138,10.14,19.76,243,205,176,98,5,30,99,40,37,1,2,41,37,47,83,90,17,1,1,50
2022-2023,Brandon Hagel,T.B,L,81,1112.216667,17,21,10,11,38,64.41,131,12.98,15.97,231,180,174,84,13,12,46,19,18,0,1,22,40,67,54,155,6,20,52,27.78
2022-2023,Joe Pavelski,DAL,C,82,1111.45,12,28,17,11,40,56.34,111,10.81,13.85,211,157,148,84,4,26,4,2,2,0,0,23,46,29,90,55,45,287,255,52.95
2022-2023,Kaapo Kakko,NYR,R,82,1111.15,15,17,11,6,32,61.54,109,13.76,12.93,199,154,130,62,3,17,8,4,4,0,0,13,26,40,25,85,19,1,2,33.33
2022-2023,Jesper Bratt,N.J,L,82,1110.916667,20,23,14,9,43,68.25,159,12.58,16.47,290,235,183,79,10,36,4,2,2,0,0,8,37,35,22,52,4,0,0,-
2022-2023,Travis Hamonic,OTT,D,75,1110.866667,5,11,5,6,16,33.33,127,3.94,4.32,258,168,58,10,9,22,61,25,23,1,1,13,53,16,97,108,97,0,0,-
2022-2023,J.T. Miller,VAN,C,81,1108.75,11,20,14,6,31,77.5,117,9.4,11,209,158,125,52,4,17,48,18,14,4,0,21,29,46,188,61,30,311,253,55.14
2022-2023,Carson Soucy,SEA,D,78,1105.9,3,12,4,8,15,28.85,82,3.66,3.66,188,125,50,7,2,19,66,26,23,2,1,10,29,24,123,100,76,0,0,-
2022-2023,Jordan Eberle,SEA,R,82,1105.75,16,28,21,7,44,66.67,149,10.74,13.82,256,204,162,57,9,16,32,15,15,0,0,9,28,52,37,61,19,26,33,44.07
2022-2023,Brady Tkachuk,OTT,L,82,1105.716667,20,25,15,10,45,75,228,8.77,24.45,376,319,226,124,19,30,101,31,23,5,3,31,38,30,227,81,6,191,211,47.51
2022-2023,Adam Pelech,NYI,D,61,1105.283333,5,11,6,5,16,34.78,88,5.68,4.19,216,141,63,10,2,16,32,16,16,0,0,7,32,25,73,92,70,0,0,-
2022-2023,Sean Durzi,L.A,D,72,1105.066667,8,12,5,7,20,43.48,85,9.41,3.85,195,119,64,12,5,7,40,17,15,2,0,9,45,20,59,111,23,0,0,-
2022-2023,Phillip Danault,L.A,C,82,1104.183333,13,15,9,6,28,71.79,117,11.11,12.22,192,156,129,60,1,9,43,19,18,1,0,22,23,16,76,86,10,496,402,55.23
2022-2023,Blake Coleman,CGY,C,82,1104.083333,12,20,12,8,32,72.73,165,7.27,19.34,294,230,198,103,4,28,50,23,23,0,0,20,29,29,101,76,29,19,21,47.5
2022-2023,Anthony Beauvillier,"NYI, VAN",L,82,1102.3,12,17,10,7,29,59.18,132,9.09,12.69,213,176,159,71,9,18,18,8,8,0,0,10,28,32,75,108,28,2,8,20
2022-2023,Elias Pettersson,VAN,C,80,1100.6,21,35,20,15,56,86.15,145,14.48,16.25,252,202,154,70,4,22,10,5,5,0,0,34,33,41,55,71,67,395,497,44.28
2022-2023,Anders Lee,NYI,L,82,1100.233333,20,11,7,4,31,57.41,168,11.9,23.05,262,233,201,125,6,30,38,16,14,2,0,20,29,23,120,91,43,24,21,53.33
2022-2023,Adrian Kempe,L.A,"C, R",82,1100.05,22,12,8,4,34,68,170,12.94,13.56,299,227,163,54,9,22,41,19,18,1,0,15,27,17,105,53,5,14,33,29.79
2022-2023,Patrick Kane,"CHI, NYR",R,73,1097.433333,16,17,10,7,33,67.35,148,10.81,11.67,243,193,123,42,6,9,10,5,5,0,0,8,46,28,13,29,16,0,0,-
2022-2023,Jordan Harris,MTL,D,65,1096.766667,4,12,5,7,16,34.04,64,6.25,3.04,147,87,51,10,5,11,24,12,12,0,0,6,27,16,44,157,77,0,0,-
2022-2023,Henri Jokiharju,BUF,D,60,1095.083333,3,10,3,7,13,24.07,74,4.05,2.39,144,97,29,2,4,11,30,15,15,0,0,4,29,14,59,92,42,0,0,-
2022-2023,Joel Farabee,PHI,L,82,1094.95,15,20,9,11,35,64.81,114,13.16,10.77,210,154,117,53,3,24,39,15,12,3,0,17,33,23,65,98,32,16,21,43.24
2022-2023,Noah Cates,PHI,L,82,1094.166667,8,17,9,8,25,59.52,82,9.76,11.77,146,112,106,54,2,20,10,5,5,0,0,7,9,43,74,111,39,327,486,40.22
2022-2023,Mika Zibanejad,NYR,C,82,1093.9,16,24,17,7,40,78.43,123,13.01,12.65,206,174,121,60,8,14,14,7,7,0,0,19,48,37,66,63,26,500,503,49.85
2022-2023,Alex Wennberg,SEA,C,82,1093.333333,7,18,11,7,25,58.14,72,9.72,8.46,121,97,85,49,5,12,16,7,7,0,0,8,21,57,39,76,44,452,493,47.83
2022-2023,Ryan Nugent-Hopkins,EDM,C,82,1093.233333,16,23,11,12,39,61.9,117,13.68,14.46,199,163,142,62,6,16,31,13,12,1,0,8,20,47,41,57,16,230,275,45.54
2022-2023,Charlie McAvoy,BOS,D,67,1093.233333,3,23,13,10,26,43.33,80,3.75,4.46,170,109,63,12,5,7,42,19,19,0,0,12,33,18,73,119,88,0,0,-
2022-2023,Andreas Athanasiou,CHI,C,81,1090.766667,14,13,8,5,27,71.05,143,9.79,14.17,265,207,144,67,10,23,28,9,8,0,1,13,39,53,38,58,37,66,78,45.83
2022-2023,Mikael Backlund,CGY,C,82,1090.5,13,23,14,9,36,66.67,186,6.99,17.53,313,248,169,70,9,25,30,14,14,0,0,8,28,50,85,61,21,545,501,52.1
2022-2023,Seth Jarvis,CAR,C,82,1090.083333,13,12,6,6,25,55.56,145,8.97,18.3,245,200,163,99,12,24,6,3,3,0,0,14,26,34,68,154,36,8,13,38.1
2022-2023,Justin Schultz,SEA,D,73,1090.05,5,12,4,8,17,34.69,78,6.41,4.2,170,107,49,12,4,4,38,19,19,0,0,2,22,10,30,93,60,0,0,-
2022-2023,Dawson Mercer,N.J,C,82,1089.366667,20,17,12,5,37,67.27,132,15.15,16.71,225,175,151,80,7,24,10,5,5,0,0,6,33,15,32,79,5,61,83,42.36
2022-2023,Frank Vatrano,ANA,R,81,1088.983333,13,14,9,5,27,71.05,175,7.43,13.55,277,227,141,53,7,31,50,17,15,0,2,19,25,18,84,64,53,7,6,53.85
2022-2023,Erik Cernak,T.B,D,70,1088.916667,1,11,5,6,12,26.09,84,1.19,3.37,159,115,43,5,3,8,43,20,19,1,0,14,28,16,168,113,9,0,0,-
2022-2023,Cale Makar,COL,D,60,1087.883333,9,19,9,10,28,50.91,116,7.76,6.67,275,169,87,21,5,22,24,11,11,0,0,18,38,42,49,36,48,0,0,-
2022-2023,Matty Beniers,SEA,C,80,1086.8,17,23,12,11,40,63.49,109,15.6,13.38,200,165,127,62,10,9,2,1,1,0,0,22,38,46,77,139,37,354,493,41.79
2022-2023,Jordan Martinook,CAR,L,82,1085.35,11,20,14,6,31,60.78,150,7.33,17.55,284,229,174,92,11,35,61,29,28,1,0,19,18,38,78,116,18,27,30,47.37
2022-2023,John Marino,N.J,D,64,1084.166667,1,12,10,2,13,29.55,60,1.67,3.16,132,81,36,9,3,15,18,9,9,0,0,6,33,34,40,112,7,0,0,-
2022-2023,Alexis Lafrenière,NYR,L,81,1083.666667,12,17,8,9,29,58,116,10.34,11.37,204,153,126,58,5,11,29,13,12,1,0,15,33,30,137,122,25,23,46,33.33
2022-2023,Morgan Rielly,TOR,D,65,1083.616667,3,16,11,5,19,41.3,96,3.13,5.2,183,133,63,16,5,8,15,6,5,1,0,6,52,20,64,102,56,0,0,-
2022-2023,Nazem Kadri,CGY,C,82,1082.65,13,24,14,10,37,69.81,184,7.07,16.25,345,266,181,60,14,22,42,17,16,0,1,37,36,32,96,120,24,456,527,46.39
2022-2023,Josh Mahura,FLA,D,82,1082.233333,4,12,8,4,16,32,78,5.13,3.83,191,118,50,7,3,8,38,15,14,0,1,9,24,11,97,141,59,0,0,-
2022-2023,Bryan Rust,PIT,R,81,1082.183333,14,14,7,7,28,54.9,170,8.24,20.01,282,232,187,104,7,38,25,11,10,1,0,15,51,25,88,88,26,4,2,66.67
2022-2023,Jason Zucker,PIT,L,78,1077.033333,24,13,7,6,37,68.52,176,13.64,21.33,296,247,187,112,6,23,43,15,13,1,1,22,32,33,189,107,26,2,10,16.67
2022-2023,Matt Boldy,MIN,L,81,1075.933333,20,8,3,5,28,70,162,12.35,15.82,308,243,169,68,4,21,35,16,15,1,0,14,33,42,61,103,20,53,33,61.63
2022-2023,Barrett Hayton,ARI,C,82,1075.433333,12,14,8,6,26,50.98,132,9.09,15.59,202,179,146,81,6,16,34,16,16,0,0,33,28,22,74,129,19,463,451,50.66
2022-2023,William Karlsson,VGK,C,82,1075,8,25,10,15,33,70.21,116,6.9,12.9,211,171,137,56,11,20,10,5,5,0,0,12,23,31,41,115,28,481,380,55.87
2022-2023,Sam Reinhart,FLA,C,82,1074.65,9,20,12,8,29,74.36,131,6.87,14.74,237,185,151,81,12,19,8,4,4,0,0,12,27,30,43,130,32,123,119,50.83
2022-2023,Troy Terry,ANA,R,70,1073.316667,13,28,16,12,41,75.93,124,10.48,13.89,239,188,160,66,9,28,18,9,9,0,0,28,24,38,9,83,20,1,0,100
2022-2023,Viktor Arvidsson,L.A,"L, R",77,1072.416667,12,15,12,3,27,65.85,171,7.02,13.99,323,238,174,49,11,19,22,11,11,0,0,23,28,19,22,157,6,22,29,43.14
2022-2023,Jeff Skinner,BUF,L,79,1071.883333,25,31,19,12,56,70,170,14.71,19.39,313,233,209,102,12,33,21,9,8,1,0,28,39,40,19,52,12,100,115,46.51
2022-2023,Morgan Frost,PHI,C,81,1071.65,16,20,9,11,36,76.6,120,13.33,11.86,214,162,136,68,4,27,18,9,9,0,0,13,17,30,83,52,41,370,436,45.91
2022-2023,Owen Tippett,PHI,R,77,1071.35,16,17,11,6,33,63.46,169,9.47,15.45,309,236,173,73,8,23,12,6,6,0,0,15,18,35,119,92,60,17,11,60.71
2022-2023,Charlie Coyle,BOS,C,82,1070.116667,15,19,10,9,34,66.67,119,12.61,13.07,211,165,144,74,8,17,26,13,13,0,0,21,33,38,61,63,44,431,381,53.08
2022-2023,Nate Schmidt,WPG,D,71,1069.416667,4,9,4,5,13,36.11,82,4.88,3.83,202,127,53,9,4,25,8,4,4,0,0,4,40,20,42,45,64,0,0,-
2022-2023,Tomas Tatar,N.J,L,82,1069.233333,15,20,7,13,35,57.38,126,11.9,15.98,231,179,160,78,9,27,24,12,12,0,0,8,28,33,56,79,2,13,21,38.24
2022-2023,Dmitry Kulikov,"ANA, PIT",D,67,1068,3,12,8,4,15,37.5,75,4,3.22,135,94,44,11,3,7,22,11,11,0,0,7,36,17,85,72,66,0,0,-
2022-2023,Nico Hischier,N.J,C,81,1067.533333,14,31,21,10,45,73.77,171,8.19,19.27,286,230,185,94,15,25,6,3,3,0,0,23,29,47,30,105,6,599,549,52.18
2022-2023,Andrew Mangiapane,CGY,L,82,1067.533333,15,20,13,7,35,60.34,141,10.64,18.38,261,197,188,91,18,18,30,15,15,0,0,18,31,36,77,68,21,3,8,27.27
2022-2023,Jonas Brodin,MIN,D,60,1067.133333,2,8,1,7,10,23.81,81,2.47,2.89,163,114,37,6,5,7,30,15,15,0,0,7,20,22,41,95,69,0,0,-
2022-2023,Patrik Nemeth,ARI,D,75,1067.016667,0,3,1,2,3,12,60,0,2.23,135,91,37,7,3,10,30,15,15,0,0,5,23,10,95,119,69,0,0,-
2022-2023,Tage Thompson,BUF,"C, R",78,1066.816667,25,30,20,10,55,80.88,196,12.76,20.84,371,283,220,95,13,34,39,18,17,1,0,23,31,37,50,72,22,309,406,43.22
2022-2023,Wyatt Johnston,DAL,C,82,1066.283333,21,12,8,4,33,61.11,128,16.41,15.32,232,167,159,83,8,26,18,9,9,0,0,4,45,44,20,67,23,135,177,43.27
2022-2023,Sebastian Aho,NYI,D,71,1064.5,4,15,6,9,19,38.78,83,4.82,3.28,171,123,47,7,3,10,20,10,10,0,0,15,34,12,36,100,56,0,0,-
2022-2023,John Tavares,TOR,C,80,1062.366667,16,21,11,10,37,71.15,160,10,20.61,290,236,216,114,4,25,30,15,15,0,0,8,43,41,106,98,29,508,371,57.79
2022-2023,Andrew Copp,DET,C,82,1062.216667,5,21,14,7,26,65,87,5.75,8.66,146,115,81,34,6,16,19,8,7,1,0,8,37,17,31,48,28,461,442,51.05
2022-2023,Chris Tanev,CGY,D,65,1061.9,1,9,4,5,10,22.22,64,1.56,1.64,149,88,23,2,1,12,21,9,8,1,0,7,27,18,44,126,72,0,0,-
2022-2023,Filip Hronek,"DET, VAN",D,64,1061.783333,4,12,4,8,16,34.04,87,4.6,3.57,188,120,42,6,4,8,34,13,12,0,1,10,25,9,83,66,35,0,0,-
2022-2023,Scott Laughton,PHI,C,78,1056.1,8,14,6,8,22,52.38,123,6.5,9,204,156,99,40,3,21,40,16,15,0,1,14,33,21,148,47,32,330,357,48.03
2022-2023,Shane Pinto,OTT,C,82,1055.666667,14,9,4,5,23,63.89,114,12.28,13.33,188,155,133,62,11,20,18,9,9,0,0,20,26,34,70,81,34,422,383,52.42
2022-2023,Lars Eller,"COL, WSH",C,84,1051.15,8,10,7,3,18,51.43,126,6.35,10.62,243,171,121,45,6,23,32,15,15,0,0,11,31,34,88,115,29,450,387,53.76
2022-2023,Jonathan Marchessault,VGK,"C, R",76,1050.666667,16,18,11,7,34,70.83,164,9.76,15.48,298,224,160,64,19,19,19,8,7,1,0,7,21,38,64,80,15,21,33,38.89
2022-2023,Boone Jenner,CBJ,C,68,1050.6,15,11,7,4,26,61.9,153,9.8,16.13,282,218,156,78,12,21,49,19,17,1,1,21,23,24,122,60,58,517,436,54.25
2022-2023,Oliver Bjorkstrand,SEA,R,81,1046.85,15,19,10,9,34,69.39,156,9.62,15.76,283,237,158,54,3,20,14,7,7,0,0,12,19,50,60,93,28,15,35,30
2022-2023,Conor Garland,VAN,R,81,1045.4,12,19,9,10,31,77.5,140,8.57,11.65,227,190,137,44,8,16,31,10,8,1,1,26,29,43,45,80,13,2,8,20
2022-2023,Jordan Staal,CAR,C,81,1044.25,15,16,6,10,31,68.89,107,14.02,12.63,175,146,132,73,4,15,24,12,12,0,0,9,28,25,142,87,23,602,468,56.26
2022-2023,Evgeny Kuznetsov,WSH,C,81,1043.866667,6,25,17,8,31,67.39,102,5.88,8.33,194,140,100,31,3,11,48,24,24,0,0,12,44,36,37,23,14,422,470,47.31
2022-2023,Logan Couture,S.J,C,82,1042.033333,14,22,13,9,36,70.59,112,12.5,11.99,199,160,128,75,13,21,13,5,4,1,0,6,24,50,119,60,8,518,528,49.52
2022-2023,Nicholas Paul,T.B,L,80,1041.133333,9,14,7,7,23,53.49,94,9.57,10.26,176,142,115,48,7,11,25,11,10,1,0,17,30,43,103,111,6,390,333,53.94
2022-2023,Alex Ovechkin,WSH,L,73,1041.083333,20,20,11,9,40,75.47,180,11.11,18.74,329,243,196,81,12,35,42,16,15,0,1,8,42,20,179,29,18,4,4,50
2022-2023,Pierre-Olivier Joseph,PIT,D,75,1040.016667,4,14,7,7,18,33.96,94,4.26,3.41,194,122,54,4,2,13,42,20,20,0,0,10,33,32,82,58,27,0,0,-
2022-2023,Kirill Kaprizov,MIN,L,67,1039.033333,18,15,9,6,33,75,138,13.04,14.42,293,206,168,64,5,16,29,13,12,1,0,21,37,46,59,93,22,0,0,-
2022-2023,Erik Haula,N.J,L,80,1038.066667,10,17,10,7,27,54,137,7.3,16.59,245,195,149,76,10,23,43,19,18,1,0,10,24,37,88,66,7,470,394,54.4
2022-2023,Dylan Strome,WSH,C,81,1036.483333,17,22,11,11,39,69.64,114,14.91,15.7,204,161,153,73,6,26,20,10,10,0,0,6,33,41,19,38,33,419,449,48.27
2022-2023,Travis Boyd,ARI,C,82,1036.083333,12,9,5,4,21,53.85,67,17.91,9.19,123,99,96,56,3,14,20,10,10,0,0,13,20,28,34,88,46,385,495,43.75
2022-2023,Casey Mittelstadt,BUF,C,82,1035.65,9,30,21,9,39,72.22,104,8.65,9.59,174,136,109,41,8,10,16,4,3,0,1,14,30,45,29,105,12,248,301,45.17
2022-2023,David Perron,DET,L,82,1035.1,15,13,11,2,28,56,114,13.16,12.01,200,149,119,56,4,21,42,21,21,0,0,26,25,37,103,64,20,2,6,25
2022-2023,Dylan Larkin,DET,C,80,1034.533333,9,23,16,7,32,69.57,130,6.92,10.77,269,195,127,41,8,24,39,14,12,1,1,15,35,38,42,52,18,441,391,53
2022-2023,Jeff Petry,PIT,D,61,1031.733333,3,16,5,11,19,37.25,87,3.45,4.19,198,129,39,6,5,15,14,7,7,0,0,2,28,16,154,104,71,0,0,-
2022-2023,Nick Seeler,PHI,D,77,1030.2,4,9,6,3,13,31.71,80,5,2.42,160,105,38,9,0,9,50,19,15,4,0,21,24,8,119,108,130,0,0,-
2022-2023,Jonathan Huberdeau,CGY,C,79,1029.483333,10,26,16,10,36,72,86,11.63,10.52,149,119,104,52,8,12,26,13,13,0,0,21,46,27,62,55,23,3,8,27.27
2022-2023,Conor Sheary,WSH,L,82,1029.266667,11,15,11,4,26,54.17,133,8.27,13.63,221,184,137,65,10,15,20,10,10,0,0,13,27,39,52,85,31,11,9,55
2022-2023,Timothy Liljegren,TOR,D,67,1026.9,5,8,4,4,13,26,78,6.41,3.21,139,99,45,7,1,6,28,13,13,0,0,5,34,8,89,140,72,0,0,-
2022-2023,Mattias Samuelsson,BUF,D,55,1026.066667,2,7,3,4,9,16.36,70,2.86,2.7,128,95,29,6,1,13,16,8,8,0,0,3,16,18,86,96,54,0,0,-
2022-2023,Jesper Fast,CAR,R,80,1025.516667,10,15,5,10,25,59.52,70,14.29,12.86,141,117,112,72,4,13,14,7,7,0,0,13,25,20,99,128,27,9,11,45
2022-2023,Andrei Kuzmenko,VAN,L,81,1023.733333,21,28,11,17,49,76.56,93,22.58,11.05,193,136,136,64,4,15,4,2,2,0,0,10,26,31,13,52,15,0,0,-
2022-2023,Radko Gudas,FLA,D,72,1023.65,2,15,7,8,17,36.17,97,2.06,3.65,226,150,46,9,5,26,77,34,31,3,0,20,29,16,279,119,67,0,0,-
2022-2023,Alex Killorn,T.B,L,82,1023.55,19,22,11,11,41,70.69,92,20.65,10.93,163,122,111,54,3,11,35,16,15,1,0,15,45,31,57,94,3,0,1,0
2022-2023,Pavel Zacha,BOS,C,82,1022.866667,15,28,12,16,43,66.15,94,15.96,9.82,156,124,122,53,8,11,14,7,7,0,0,6,30,25,57,55,12,99,128,43.61
2022-2023,Robert Thomas,STL,C,73,1022.8,9,26,17,9,35,60.34,66,13.64,7.33,113,94,84,38,1,6,18,9,9,0,0,11,24,56,14,57,24,477,415,53.48
2022-2023,Evan Rodrigues,COL,C,69,1021.45,8,16,9,7,24,47.06,149,5.37,13.19,258,198,141,56,8,21,26,13,13,0,0,16,26,27,33,105,22,93,76,55.03
2022-2023,Ryan Lindgren,NYR,D,63,1020.666667,0,14,9,5,14,28.57,73,0,3.1,156,99,52,13,2,12,39,18,17,1,0,11,16,10,60,111,55,0,0,-
2022-2023,Jesperi Kotkaniemi,CAR,C,82,1020.583333,12,17,5,12,29,67.44,98,12.24,12.13,176,137,116,62,2,20,46,23,23,0,0,14,39,28,102,118,21,327,303,51.9
2022-2023,Jalen Chatfield,CAR,D,78,1019.8,5,7,4,3,12,24.49,88,5.68,4.84,208,140,56,13,3,18,33,15,14,1,0,5,20,26,73,150,51,0,0,-
2022-2023,TJ Brodie,TOR,D,58,1015.733333,2,11,3,8,13,29.55,51,3.92,2.4,93,67,28,6,2,11,12,6,6,0,0,11,33,23,40,99,78,0,0,-
2022-2023,Taylor Raddysh,CHI,R,78,1014.2,12,8,3,5,20,64.52,98,12.24,11.63,176,141,107,60,7,10,16,8,8,0,0,9,23,32,77,54,31,9,7,56.25
2022-2023,Luke Schenn,"TOR, VAN",D,70,1013.9,4,16,10,6,20,40.82,78,5.13,2.64,172,114,31,5,2,7,82,28,21,6,1,10,31,9,292,80,70,0,0,-
2022-2023,Eetu Luostarinen,FLA,C,82,1011.883333,15,19,7,12,34,60.71,113,13.27,14.52,209,158,162,85,6,24,22,10,10,0,0,13,33,39,55,107,30,149,210,41.5
2022-2023,Nino Niederreiter,"NSH, WPG",R,78,1011.766667,19,13,6,7,32,69.57,140,13.57,15.2,239,182,159,83,11,19,20,9,9,0,0,22,20,31,151,109,26,6,2,75
2022-2023,Pierre-Luc Dubois,WPG,L,73,1011.016667,12,18,8,10,30,61.22,121,9.92,15.43,254,201,169,89,9,18,64,32,32,0,0,34,43,36,68,99,42,383,406,48.54
2022-2023,Mikael Granlund,"NSH, PIT",C,79,1011.016667,6,15,8,7,21,58.33,76,7.89,7.97,143,106,87,39,4,11,16,8,8,0,0,11,20,28,72,106,41,123,147,45.56
2022-2023,Nick Perbix,T.B,D,69,1010.916667,5,15,10,5,20,40.82,106,4.72,3.77,196,140,60,9,3,13,20,10,10,0,0,10,28,27,71,149,15,0,0,-
2022-2023,Jake Walman,DET,D,63,1007.55,8,6,2,4,14,32.56,116,6.9,5,218,151,64,7,6,9,41,18,17,1,0,13,32,27,41,37,90,0,0,-
2022-2023,Jon Merrill,MIN,D,73,1007.283333,2,9,5,4,11,30.56,40,5,1.89,94,70,21,3,1,4,36,18,18,0,0,8,12,16,44,121,81,0,0,-
2022-2023,Zach Parise,NYI,L,82,1007.1,12,9,6,3,21,60,136,8.82,18,210,172,157,96,12,30,22,11,11,0,0,10,20,14,82,72,51,6,13,31.58
2022-2023,Nick Bjugstad,"ARI, EDM",C,78,1006.916667,15,11,6,5,26,60.47,120,12.5,13.28,207,174,133,63,13,19,32,16,16,0,0,14,29,30,154,94,32,408,422,49.16
2022-2023,Lawson Crouse,ARI,L,77,1003.75,14,19,12,7,33,67.35,121,11.57,10.82,205,161,140,53,5,19,27,12,11,1,0,10,27,22,178,52,37,23,33,41.07
2022-2023,Jason Dickinson,CHI,C,78,1003.066667,8,12,7,5,20,62.5,98,8.16,10.43,187,139,105,50,3,15,24,12,12,0,0,12,28,42,107,106,55,298,315,48.61
2022-2023,Matt Duchene,NSH,C,71,1000.15,12,22,11,11,34,66.67,103,11.65,10.88,203,154,132,51,13,18,26,8,7,0,1,12,44,32,23,59,23,96,79,54.86
2022-2023,Sebastian Aho,CAR,C,75,999.8333333,22,15,13,2,37,69.81,147,14.97,17.72,245,209,159,100,11,18,40,20,20,0,0,26,42,43,47,69,13,362,389,48.2
2022-2023,Alex Newhook,COL,C,82,999.35,11,15,8,7,26,60.47,93,11.83,10.78,163,115,109,46,5,6,22,11,11,0,0,6,16,25,59,114,23,191,267,41.7
2022-2023,Alex Tuch,BUF,R,74,999.3,21,27,19,8,48,72.73,157,13.38,13.83,272,227,152,57,13,19,16,8,8,0,0,11,33,48,47,46,30,23,32,41.82
2022-2023,Mason McTavish,ANA,C,80,999.1833333,8,16,12,4,24,72.73,98,8.16,11.84,171,133,112,61,6,22,36,17,17,0,0,22,25,25,53,37,34,282,387,42.15
2022-2023,Brock Boeser,VAN,R,74,998.3666667,10,25,13,12,35,66.04,118,8.47,10.18,201,153,124,46,2,11,16,8,8,0,0,7,17,23,46,22,24,14,27,34.15
2022-2023,David Kampf,TOR,C,82,997.9333333,7,16,7,9,23,62.16,100,7,10.8,153,125,102,53,3,16,8,4,4,0,0,9,26,39,69,131,19,425,331,56.22
2022-2023,Jaden Schwartz,SEA,C,71,997.8833333,9,14,8,6,23,65.71,116,7.76,12.09,209,149,125,51,9,16,20,10,10,0,0,6,27,42,53,79,22,24,35,40.68
2022-2023,Chris Kreider,NYR,L,79,996.15,19,9,6,3,28,58.33,138,13.77,15.09,227,191,144,89,10,22,16,8,8,0,0,8,25,21,118,51,12,33,36,47.83
2022-2023,Tyler Toffoli,CGY,R,82,996.0666667,19,21,8,13,40,68.97,191,9.95,16.82,323,259,172,65,8,26,18,9,9,0,0,13,26,32,52,49,10,5,3,62.5
2022-2023,Elias Lindholm,CGY,C,80,994.2833333,10,25,15,10,35,67.31,100,10,11.56,203,148,116,48,2,20,8,4,4,0,0,11,29,31,73,57,37,621,455,57.71
2022-2023,Dillon Dube,CGY,C,82,994.2666667,13,24,12,12,37,72.55,111,11.71,11.83,195,153,134,55,4,16,45,17,15,1,1,18,19,20,115,129,17,26,31,45.61
2022-2023,Reilly Smith,VGK,R,78,988.1,11,23,14,9,34,72.34,111,9.91,11.44,199,155,125,57,7,7,14,7,7,0,0,8,28,27,56,83,20,2,2,50
2022-2023,Erik Brannstrom,OTT,D,74,985.8333333,2,11,5,6,13,33.33,62,3.23,2.71,178,96,60,8,3,17,36,18,18,0,0,14,39,24,47,94,76,0,0,-
2022-2023,Logan O'Connor,COL,R,82,985.2166667,7,16,11,5,23,60.53,92,7.61,10.82,182,140,115,61,4,11,37,17,16,1,0,15,20,35,107,136,35,1,6,14.29
2022-2023,Shea Theodore,VGK,D,55,983.5166667,5,23,9,14,28,53.85,104,4.81,5.34,222,142,61,12,3,15,18,8,8,0,0,7,21,24,13,58,72,0,0,-
2022-2023,Frederick Gaudreau,MIN,C,82,980.7833333,9,13,8,5,22,61.11,107,8.41,8.51,158,131,86,38,5,17,10,5,5,0,0,8,16,36,41,45,29,357,381,48.37
2022-2023,Ethan Bear,VAN,D,61,979.0666667,2,10,5,5,12,29.27,69,2.9,3.44,140,96,35,9,2,12,21,9,8,1,0,8,24,16,37,95,54,0,0,-
2022-2023,Alexander Barabanov,S.J,L,68,978.95,12,21,13,8,33,68.75,90,13.33,12.69,163,125,124,70,5,16,16,8,8,0,0,9,31,28,35,89,7,1,2,33.33
2022-2023,Ty Dellandrea,DAL,C,82,976.0833333,8,16,9,7,24,57.14,83,9.64,7.94,157,119,102,41,4,11,50,21,19,2,0,23,24,17,119,150,27,91,83,52.3
2022-2023,Marcus Johansson,"MIN, WSH",L,80,972.45,11,12,8,4,23,51.11,96,11.46,8.14,167,122,101,38,3,16,8,4,4,0,0,13,24,24,19,89,17,17,19,47.22
2022-2023,Colton Sissons,NSH,C,82,972.2833333,9,15,4,11,24,68.57,71,12.68,8.46,145,108,85,43,4,15,18,9,9,0,0,16,21,22,153,67,47,391,302,56.42
2022-2023,Casey Cizikas,NYI,C,81,972.1666667,5,11,7,4,16,57.14,97,5.15,10.67,171,134,103,57,5,18,54,20,17,2,1,18,23,26,181,93,33,418,322,56.49
2022-2023,Alexander Kerfoot,TOR,C,82,971.9333333,6,18,10,8,24,58.54,112,5.36,11.6,190,148,126,60,6,11,30,15,15,0,0,16,33,37,50,170,34,40,52,43.48
2022-2023,Lucas Raymond,DET,L,74,971.4833333,10,10,5,5,20,60.61,92,10.87,9.65,167,122,108,55,6,10,18,8,8,0,0,22,23,30,39,78,16,3,8,27.27
2022-2023,Jared McCann,SEA,L,79,968.9833333,30,18,14,4,48,71.64,139,21.58,11.96,270,196,131,48,5,17,14,7,7,0,0,19,22,40,59,67,18,15,24,38.46
2022-2023,Philipp Kurashev,CHI,C,70,966.5,8,11,8,3,19,48.72,96,8.33,8.95,164,122,92,43,3,15,10,5,5,0,0,17,18,33,35,58,29,57,74,43.51
2022-2023,Kent Johnson,CBJ,C,79,964.3,9,15,11,4,24,61.54,93,9.68,8.2,162,123,90,39,3,11,14,7,7,0,0,10,31,25,12,61,26,38,91,29.46
2022-2023,Dominik Kubalik,DET,L,81,957.7166667,12,12,9,3,24,55.81,112,10.71,12.96,205,159,123,58,9,17,20,10,10,0,0,15,15,11,85,42,23,10,12,45.45
2022-2023,Jimmy Vesey,NYR,L,81,956.25,7,12,6,6,19,46.34,108,6.48,12.83,181,140,116,62,8,16,18,6,4,2,0,11,29,44,98,44,32,3,11,21.43
2022-2023,Jack Eichel,VGK,C,67,956.1666667,20,19,10,9,39,69.64,156,12.82,12.29,243,191,123,53,10,14,6,3,3,0,0,15,50,43,58,76,40,305,366,45.45
2022-2023,Tyler Seguin,DAL,C,76,955.7833333,10,21,10,11,31,75.61,134,7.46,14,220,183,149,66,7,19,20,10,10,0,0,12,22,22,75,41,18,378,308,55.1
2022-2023,Barclay Goodrow,NYR,C,82,955.4,10,17,9,8,27,69.23,80,12.5,9.02,140,109,94,51,3,13,54,18,12,6,0,17,29,25,118,99,42,220,246,47.21
2022-2023,Joel Eriksson Ek,MIN,C,78,951.6166667,7,26,16,10,33,84.62,146,4.79,13.08,256,202,133,83,12,23,26,13,13,0,0,11,9,34,102,97,30,416,449,48.09
2022-2023,Tim Berni,CBJ,D,59,950.8666667,1,2,1,1,3,9.68,58,1.72,3.31,119,73,43,10,4,7,32,16,16,0,0,1,24,19,115,74,60,0,0,-
2022-2023,Torey Krug,STL,D,63,949.75,3,12,6,6,15,36.59,102,2.94,4.94,198,142,69,8,3,10,47,14,11,1,2,12,27,17,39,41,78,0,0,-
2022-2023,Dylan Cozens,BUF,C,81,949.1833333,21,18,13,5,39,76.47,148,14.19,16.55,231,191,175,75,13,26,29,13,12,1,0,20,12,23,51,78,23,411,421,49.4
2022-2023,Christian Fischer,ARI,R,80,948.3833333,11,10,7,3,21,70,112,9.82,9.57,187,148,93,41,9,16,18,9,9,0,0,11,27,18,120,85,24,5,28,15.15
2022-2023,Joel Edmundson,MTL,D,61,948.15,2,6,1,5,8,22.22,55,3.64,2.22,108,77,17,5,3,9,41,15,13,1,1,11,54,9,97,48,76,0,0,-
2022-2023,Artem Zub,OTT,D,53,944.3666667,1,6,1,5,7,20,33,3.03,1.15,97,55,23,2,2,13,34,17,17,0,0,7,30,7,116,106,49,0,0,-
2022-2023,Jeremy Lauzon,NSH,D,67,942.8833333,3,7,1,6,10,34.48,74,4.05,3.69,156,108,45,7,1,9,62,24,20,4,0,13,19,1,229,98,40,0,0,-
2022-2023,Yakov Trenin,NSH,C,77,942.8166667,9,9,6,3,18,78.26,120,7.5,14.03,230,179,146,60,13,17,43,16,14,1,1,10,38,27,160,73,16,11,20,35.48
2022-2023,David Krejci,BOS,C,70,941.0666667,12,28,19,9,40,68.97,75,16,8.97,135,110,100,45,4,5,16,8,8,0,0,10,29,14,39,61,24,293,336,46.58
2022-2023,Noel Acciari,"STL, TOR",C,77,941.0666667,10,7,3,4,17,68,96,10.42,12.46,159,136,130,65,3,16,19,8,7,1,0,15,10,25,238,111,56,290,240,54.72
2022-2023,Nick Schmaltz,ARI,C,63,940.7666667,15,23,11,12,38,73.08,84,17.86,8.46,176,131,93,29,7,14,16,8,8,0,0,12,43,52,9,47,23,9,20,31.03
2022-2023,Vladimir Tarasenko,"NYR, STL",R,69,940.7166667,12,19,10,9,31,67.39,112,10.71,11.72,203,155,140,49,3,13,8,4,4,0,0,17,22,23,72,62,32,0,2,0
2022-2023,Kevin Fiala,L.A,L,69,940.5166667,9,30,19,11,39,76.47,144,6.25,13.4,239,184,149,67,7,22,38,19,19,0,0,19,31,17,47,78,3,8,8,50
2022-2023,Blake Wheeler,WPG,R,72,940.3166667,7,25,15,10,32,76.19,94,7.45,11.22,192,145,120,57,4,18,36,18,18,0,0,10,21,41,46,55,25,55,47,53.92
2022-2023,Pius Suter,DET,C,79,937.3666667,12,8,5,3,20,64.52,92,13.04,10.34,154,125,101,54,6,17,4,2,2,0,0,7,12,20,34,26,29,197,214,47.93
2022-2023,Joe Veleno,DET,C,81,935.2166667,8,7,4,3,15,50,76,10.53,6.76,134,95,80,36,4,6,24,12,12,0,0,12,16,26,147,106,36,257,340,43.05
2022-2023,Filip Chytil,NYR,C,74,934.7,17,18,13,5,35,72.92,155,10.97,15.08,274,212,173,75,11,16,28,13,13,0,0,15,29,29,35,92,31,219,336,39.46
2022-2023,Brandon Saad,STL,L,71,933.4833333,12,14,11,3,26,63.41,98,12.24,11.3,156,134,111,55,5,12,12,6,6,0,0,8,24,30,22,25,24,3,2,60
2022-2023,Adam Lowry,WPG,C,82,932.6166667,9,14,7,7,23,69.7,93,9.68,13.49,161,141,120,73,3,22,43,14,9,5,0,12,18,24,150,104,30,456,408,52.78
2022-2023,Jack Roslovic,CBJ,C,77,931.3,6,23,15,8,29,72.5,87,6.9,7.24,152,115,87,30,10,14,4,2,2,0,0,14,37,27,37,49,35,325,386,45.71
2022-2023,Erik Johnson,COL,D,63,930.8333333,0,7,4,3,7,19.44,92,0,3.69,175,120,53,13,3,14,10,5,5,0,0,0,16,13,104,88,72,0,0,-
2022-2023,Roope Hintz,DAL,C,73,929.4833333,21,22,16,6,43,74.14,133,15.79,15.6,219,174,153,80,9,16,26,13,13,0,0,14,28,19,43,69,35,226,202,52.8
2022-2023,Artturi Lehkonen,COL,L,64,927.7166667,10,17,8,9,27,56.25,103,9.71,12.26,194,143,129,69,8,11,18,9,9,0,0,6,8,20,79,124,32,2,2,50
2022-2023,Jack McBain,ARI,C,82,927.35,10,13,8,5,23,74.19,72,13.89,8.9,132,105,97,53,3,11,60,24,20,4,0,14,26,17,293,117,40,300,361,45.39
2022-2023,Kyle Okposo,BUF,R,75,926.2666667,6,13,7,6,19,67.86,132,4.55,10.9,208,165,113,50,8,26,30,15,15,0,0,17,19,21,73,79,19,130,141,47.97
2022-2023,JJ Peterka,BUF,R,77,924.7166667,10,17,12,5,27,61.36,106,9.43,11.42,209,155,118,58,9,13,24,11,11,0,0,12,16,22,18,63,8,5,4,55.56
2022-2023,Brad Marchand,BOS,L,73,924.3,10,22,16,6,32,68.09,121,8.26,12.49,215,164,141,60,6,12,54,27,27,0,0,35,51,33,69,82,14,11,25,30.56
2022-2023,Mason Marchment,DAL,L,68,923.5,8,15,9,6,23,74.19,116,6.9,11.37,210,164,136,48,6,20,60,23,20,2,1,26,36,34,85,103,36,6,10,37.5
2022-2023,Sean Walker,L.A,D,70,921.6666667,3,8,5,3,11,27.5,89,3.37,4.18,177,123,49,11,3,12,36,18,18,0,0,7,29,11,63,113,15,0,0,-
2022-2023,Josh Anderson,MTL,R,69,918.85,15,10,7,3,25,53.19,121,12.4,13.81,212,171,147,61,5,16,68,22,18,2,2,15,16,18,125,58,32,15,17,46.88
2022-2023,Radek Faksa,DAL,C,81,918.1,10,8,5,3,18,69.23,76,13.16,9.42,125,105,86,51,5,10,39,18,17,1,0,10,15,21,84,155,52,231,177,56.62
2022-2023,Brandon Tanev,SEA,L,82,917.8166667,10,16,10,6,26,65,102,9.8,11.89,172,148,102,62,3,12,34,14,12,2,0,20,20,23,169,100,40,3,16,15.79
2022-2023,Phil Kessel,VGK,"C, R",82,917.2833333,12,13,5,8,25,64.1,117,10.26,11.4,212,162,130,51,8,16,26,13,13,0,0,5,23,34,9,47,22,5,7,41.67
2022-2023,Aleksander Barkov,FLA,C,68,911.6166667,12,24,13,11,36,67.92,123,9.76,12.89,199,161,130,62,4,22,6,3,3,0,0,12,27,39,45,68,26,432,380,53.2
2022-2023,Blake Lizotte,L.A,C,81,910.9666667,10,18,14,4,28,65.12,98,10.2,10.36,162,140,99,58,3,12,58,26,24,2,0,30,15,29,91,172,6,365,330,52.52
2022-2023,Pierre Engvall,"NYI, TOR",L,76,909.95,15,10,7,3,25,55.56,120,12.5,11.71,229,165,129,61,5,15,21,8,7,1,0,5,34,25,44,90,5,21,28,42.86
2022-2023,Jamie Benn,DAL,L,82,909.55,17,24,11,13,41,69.49,124,13.71,13.23,225,163,130,60,5,22,28,11,9,2,0,20,36,40,88,51,24,348,212,62.14
2022-2023,Oliver Ekman-Larsson,VAN,D,54,908.6,2,13,9,4,15,40.54,76,2.63,2.58,159,106,42,5,5,11,22,11,11,0,0,7,22,9,52,69,29,0,0,-
2022-2023,Evgenii Dadonov,"DAL, MTL",R,73,908.4166667,7,15,8,7,22,57.89,97,7.22,11.45,178,133,99,58,5,17,18,9,9,0,0,8,30,18,31,52,36,1,5,16.67
2022-2023,Jaycob Megna,"S.J, SEA",D,54,906.9666667,1,9,4,5,10,22.22,54,1.85,2.75,121,75,29,4,1,13,19,8,7,1,0,5,25,11,78,75,11,0,0,-
2022-2023,Zach Whitecloud,VGK,D,59,904.7333333,5,7,4,3,12,30,64,7.81,3.49,139,88,37,8,0,7,37,13,11,1,1,6,22,23,85,136,68,0,0,-
2022-2023,Kevin Labanc,S.J,R,72,901.4333333,13,16,12,4,29,61.7,103,12.62,8.88,204,139,111,41,8,27,32,16,16,0,0,6,25,36,69,49,3,5,3,62.5
2022-2023,Cam York,PHI,D,54,900.55,2,12,7,5,14,36.84,31,6.45,3.44,99,63,42,11,1,5,14,7,7,0,0,13,22,10,41,85,52,0,0,-
2022-2023,Yegor Sharangovich,N.J,C,75,897.8833333,9,14,8,6,23,63.89,111,8.11,13.66,207,157,135,62,5,14,16,8,8,0,0,6,26,28,20,68,3,25,50,33.33
2022-2023,Matt Nieto,"COL, S.J",L,81,897.6833333,11,11,4,7,22,56.41,104,10.58,10.77,158,131,105,54,5,13,16,8,8,0,0,8,18,27,40,86,16,7,8,46.67
2022-2023,Zemgus Girgensons,BUF,L,80,894.6,9,5,1,4,14,66.67,104,8.65,11.11,187,154,112,50,2,14,14,7,7,0,0,14,8,19,92,112,34,57,67,45.97
2022-2023,Andrei Svechnikov,CAR,R,64,889.65,17,16,10,6,33,73.33,141,12.06,15.12,281,215,145,61,6,26,59,24,22,1,1,21,38,33,133,73,15,3,5,37.5
2022-2023,Ross Colton,T.B,C,81,889.3333333,12,11,8,3,23,71.88,123,9.76,14.5,224,180,139,76,8,14,50,18,15,2,1,19,20,36,182,114,3,96,74,56.47
2022-2023,Trent Frederic,BOS,C,79,884.7166667,16,13,6,7,29,61.7,116,13.79,11.99,181,154,124,61,5,22,55,17,10,7,0,18,20,23,105,125,31,22,46,32.35
2022-2023,Nick Holden,OTT,D,65,884.6833333,2,11,5,6,13,41.94,67,2.99,2.96,142,93,36,6,4,10,8,4,4,0,0,3,24,8,71,86,47,0,0,-
2022-2023,Patrice Bergeron,BOS,C,78,882.3666667,14,17,8,9,31,67.39,165,8.48,16.96,279,223,179,78,6,16,8,4,4,0,0,11,13,30,58,61,24,665,398,62.56
2022-2023,Ryan Lomberg,FLA,L,82,882.0333333,12,8,5,3,20,52.63,132,9.09,14.45,215,186,120,67,14,17,71,27,23,3,1,22,12,27,145,91,19,14,14,50
2022-2023,Tanner Jeannot,"NSH, T.B",L,76,881.6166667,5,11,5,6,16,55.17,96,5.21,12.22,174,138,119,61,3,21,100,29,18,10,1,24,27,22,282,140,30,8,11,42.11
2022-2023,Matt Martin,NYI,L,81,881.4833333,7,11,7,4,18,64.29,82,8.54,8.79,160,122,90,41,3,16,63,17,9,7,1,18,20,15,294,78,37,8,17,32
2022-2023,Peyton Krebs,BUF,C,74,873.8833333,7,14,7,7,21,70,67,10.45,6.2,125,95,72,32,3,3,48,20,18,2,0,16,24,17,90,89,18,224,270,45.34
2022-2023,Anton Lundell,FLA,C,73,872.2166667,9,10,5,5,19,48.72,113,7.96,9.76,186,144,99,47,4,13,35,16,15,1,0,16,34,29,25,59,25,210,262,44.49
2022-2023,Sean Kuraly,CBJ,C,71,870.4666667,6,7,5,2,13,56.52,87,6.9,8.61,158,124,82,37,2,19,56,24,23,0,1,13,16,27,184,60,36,428,446,48.97
2022-2023,Nils Lundkvist,DAL,D,60,866.3833333,4,8,4,4,12,33.33,79,5.06,3.08,164,109,41,7,4,17,24,12,12,0,0,4,27,6,48,89,60,0,0,-
2022-2023,Ilya Lyubushkin,BUF,D,68,865.8666667,1,10,4,6,11,35.48,39,2.56,1.24,76,50,17,1,3,1,34,17,17,0,0,9,18,21,83,82,72,0,0,-
2022-2023,Pavel Buchnevich,STL,L,63,865.45,18,19,14,5,37,69.81,90,20,10.07,155,124,107,47,5,12,32,12,11,0,1,4,19,21,48,44,14,54,135,28.57
2022-2023,Jean-Gabriel Pageau,NYI,C,70,861.3666667,3,19,11,8,22,62.86,85,3.53,9.68,144,119,95,49,12,13,12,6,6,0,0,7,30,23,161,89,40,500,349,58.89
2022-2023,Michael McLeod,N.J,C,80,860.7833333,3,21,11,10,24,70.59,83,3.61,8.52,152,113,88,45,4,12,43,13,9,3,1,18,25,25,121,109,3,473,300,61.19
2022-2023,Mike Matheson,MTL,D,48,858.2666667,6,15,10,5,21,58.33,91,6.59,4.05,177,118,50,10,4,16,20,9,9,0,0,8,64,31,47,54,51,0,0,-
2022-2023,Jakob Chychrun,"ARI, OTT",D,48,857.1166667,4,17,5,12,21,46.67,94,4.26,4.22,193,142,56,9,4,12,20,10,10,0,0,4,37,15,49,68,60,0,0,-
2022-2023,Jakob Silfverberg,ANA,R,81,855.6,6,9,6,3,15,57.69,101,5.94,6.3,158,129,61,29,11,9,30,15,15,0,0,9,15,20,9,48,33,9,23,28.13
2022-2023,Anthony Mantha,WSH,R,67,854.4166667,10,12,8,4,22,62.86,108,9.26,10.99,180,141,117,52,5,15,31,11,8,3,0,13,28,22,66,42,17,6,7,46.15
2022-2023,Josh Brown,ARI,D,68,854.2666667,4,3,2,1,7,18.92,64,6.25,4,122,100,39,12,5,8,87,25,16,7,2,13,25,9,142,63,62,0,0,-
2022-2023,Jesse Puljujarvi,"CAR, EDM",R,75,854.1,5,10,6,4,15,53.57,116,4.31,12.18,207,162,120,52,6,9,32,13,11,2,0,8,18,24,136,110,25,0,2,0
2022-2023,Nico Sturm,S.J,C,74,852.5166667,12,12,7,5,24,64.86,100,12,9.16,161,138,87,46,5,10,23,10,9,1,0,9,16,29,94,85,12,388,302,56.23
2022-2023,Jack Quinn,BUF,R,75,852.3666667,13,17,9,8,30,65.22,96,13.54,10.95,205,145,136,52,5,22,13,5,4,1,0,19,23,25,38,80,16,10,16,38.46
2022-2023,Garnet Hathaway,"BOS, WSH",R,84,851.2333333,13,8,3,5,21,63.64,81,16.05,9.5,137,109,90,56,5,9,69,26,22,3,1,32,12,10,262,152,53,2,7,22.22
2022-2023,Travis Konecny,PHI,R,60,850.3833333,17,15,11,4,32,86.49,135,12.59,12.5,242,183,141,62,8,19,55,22,20,1,1,30,20,29,43,70,24,18,22,45
2022-2023,Victor Olofsson,BUF,L,75,847.2833333,17,6,5,1,23,67.65,115,14.78,9.15,188,147,98,30,5,9,2,1,1,0,0,10,17,20,15,41,11,0,5,0
2022-2023,Nick Cousins,FLA,C,79,844.8333333,9,18,8,10,27,69.23,102,8.82,9.3,173,134,101,47,6,19,38,16,14,2,0,21,18,20,87,115,30,69,71,49.29
2022-2023,Alexander Edler,L.A,D,64,843.85,2,9,5,4,11,28.21,55,3.64,1.42,151,89,32,2,6,11,32,16,16,0,0,4,24,4,101,102,17,0,0,-
2022-2023,Cody Glass,NSH,C,72,842.9833333,6,14,7,7,20,58.82,93,6.45,9.74,162,126,103,48,4,18,16,8,8,0,0,8,16,30,60,71,28,304,306,49.84
2022-2023,Milan Lucic,CGY,L,77,841.5166667,7,10,8,2,17,54.84,72,9.72,9.33,138,106,86,49,5,12,43,16,13,3,0,6,26,28,166,90,15,17,21,44.74
2022-2023,Max Jones,ANA,L,69,836.6833333,9,10,4,6,19,82.61,100,9,11.61,174,132,113,60,6,23,73,28,24,3,1,29,18,22,109,66,15,10,12,45.45
2022-2023,Keegan Kolesar,VGK,R,74,835.5166667,8,10,10,0,18,58.06,62,12.9,7.71,112,86,77,51,5,9,68,21,14,6,1,20,16,14,279,124,26,7,16,30.43
2022-2023,Mike Hoffman,MTL,L,67,834.5833333,11,9,5,4,20,64.52,99,11.11,9.06,166,130,90,38,6,11,24,12,12,0,0,5,36,19,22,30,17,14,11,56
2022-2023,Jeff Carter,PIT,C,79,833.6333333,7,8,3,5,15,62.5,104,6.73,11.43,188,139,107,54,7,28,26,12,12,0,0,5,24,20,73,71,36,415,279,59.8
2022-2023,Sam Lafferty,"CHI, TOR",C,70,829.75,8,12,7,5,20,76.92,85,9.41,7.89,136,111,84,37,9,10,33,12,9,3,0,15,29,18,117,76,21,184,172,51.69
2022-2023,Andrew Cogliano,COL,C,79,829.7333333,10,7,3,4,17,56.67,73,13.7,6.2,117,92,61,29,5,5,32,16,16,0,0,16,8,19,53,87,39,18,22,45
2022-2023,Sam Steel,MIN,C,65,828.0666667,8,13,5,8,21,56.76,78,10.26,8.95,138,111,102,47,5,16,16,8,8,0,0,4,19,20,45,70,14,266,271,49.53
2022-2023,Tyson Jost,"BUF, MIN",C,71,826.2,5,17,8,9,22,68.75,92,5.43,10.5,164,134,113,53,3,13,24,9,7,2,0,16,7,19,58,120,24,158,224,41.36
2022-2023,Nicolas Roy,VGK,C,65,825.9333333,9,10,7,3,19,59.38,64,14.06,8.09,130,93,90,47,1,6,18,9,9,0,0,11,13,34,79,66,30,298,322,48.06
2022-2023,Eric Robinson,CBJ,L,72,825.6,10,10,4,6,20,90.91,89,11.24,10.01,171,120,98,53,3,23,6,3,3,0,0,7,13,18,121,62,22,2,7,22.22
2022-2023,Sam Bennett,FLA,C,63,825.3333333,9,18,11,7,27,61.36,141,6.38,14.49,229,183,152,77,13,21,44,21,21,0,0,17,29,25,136,47,24,354,380,48.23
2022-2023,Trevor Lewis,CGY,C,82,825.0333333,6,11,7,4,17,62.96,129,4.65,9.82,206,173,98,46,7,21,18,9,9,0,0,3,11,18,152,105,25,103,146,41.37
2022-2023,Teuvo Teravainen,CAR,L,68,824.2666667,4,16,12,4,20,54.05,90,4.44,7.52,149,122,82,30,4,15,12,6,6,0,0,1,39,31,14,30,12,22,13,62.86
2022-2023,Vladislav Namestnikov,"T.B, WPG",C,77,824.15,7,14,5,9,21,61.76,97,7.22,11.16,156,128,110,59,2,20,29,13,12,1,0,15,10,27,106,100,14,72,116,38.3
2022-2023,Brendan Smith,N.J,D,60,822.15,0,4,1,3,4,13.79,56,0,3.54,126,80,50,10,5,12,63,27,24,3,0,14,30,16,97,86,6,0,0,-
2022-2023,Kailer Yamamoto,EDM,R,58,821.9,9,12,5,7,21,52.5,82,10.98,11.96,117,101,97,61,6,7,20,10,10,0,0,13,17,41,75,96,17,2,6,25
2022-2023,Miles Wood,N.J,L,76,819.9666667,11,13,9,4,24,75,148,7.43,11.27,245,196,111,52,11,23,74,25,21,2,2,24,25,15,98,88,2,1,5,16.67
2022-2023,Mathew Barzal,NYI,C,58,819.2,9,21,16,5,30,76.92,90,10,8.32,159,123,103,40,6,12,16,8,8,0,0,7,42,44,24,39,30,97,176,35.53
2022-2023,Nick Ritchie,"ARI, CGY",L,74,817.5333333,9,7,5,2,16,55.17,92,9.78,11.01,148,122,101,59,7,7,47,22,21,1,0,10,16,8,208,76,30,2,7,22.22
2022-2023,Eric Staal,FLA,C,72,816.8666667,12,14,8,6,26,78.79,87,13.79,10.2,157,122,108,62,4,17,22,11,11,0,0,6,30,25,25,40,31,278,284,49.47
2022-2023,Fabian Zetterlund,"N.J, S.J",L,67,816.8333333,5,15,11,4,20,62.5,101,4.95,9.96,195,142,96,35,8,14,14,7,7,0,0,9,21,20,51,70,3,7,9,43.75
2022-2023,Pat Maroon,T.B,L,80,814.95,5,8,4,4,13,59.09,62,8.06,9.06,120,97,81,46,5,12,150,37,20,12,5,21,18,26,171,110,2,2,10,16.67
2022-2023,Mattias Janmark,EDM,C,66,814.3666667,5,14,9,5,19,63.33,70,7.14,7.39,101,88,69,47,2,7,28,14,14,0,0,10,23,20,18,91,10,25,26,49.02
2022-2023,Matias Maccelli,ARI,L,64,812.8166667,8,22,13,9,30,83.33,46,17.39,5.6,103,64,59,28,4,8,18,9,9,0,0,10,37,21,23,51,17,0,4,0
2022-2023,Calle Jarnkrok,TOR,C,73,812.4,16,13,6,7,29,72.5,85,18.82,10.48,159,124,110,48,2,11,14,7,7,0,0,9,10,16,43,103,14,23,31,42.59
2022-2023,Dakota Joshua,VAN,C,79,811.7333333,9,11,5,6,20,83.33,66,13.64,10.17,99,83,76,54,3,15,58,19,14,4,1,20,9,25,216,104,26,18,18,50
2022-2023,Patrik Laine,CBJ,L,55,803.8,13,17,10,7,30,83.33,98,13.27,8.13,201,148,103,35,5,19,12,6,6,0,0,8,29,22,25,36,22,24,41,36.92
2022-2023,Marcus Foligno,MIN,L,65,802.75,7,10,6,4,17,65.38,66,10.61,7.45,130,103,83,41,6,10,70,22,15,6,1,20,24,23,226,70,33,6,7,46.15
2022-2023,Jan Rutta,PIT,D,56,802.3166667,3,5,0,5,8,28.57,63,4.76,2.02,138,88,28,2,4,9,30,15,15,0,0,5,21,10,63,92,50,0,0,-
2022-2023,Kirby Dach,MTL,C,58,802.1833333,8,10,6,4,18,48.65,86,9.3,10.48,147,124,94,57,4,12,37,17,16,1,0,14,26,25,47,99,31,79,128,38.16
2022-2023,Steven Lorentz,S.J,C,80,802.05,8,8,2,6,16,72.73,98,8.16,11.03,176,136,111,56,3,19,16,7,7,0,0,6,15,39,130,88,6,236,254,48.16
2022-2023,Dylan Samberg,WPG,D,63,799.1666667,2,4,1,3,6,20.69,46,4.35,1.42,113,65,26,3,2,8,25,11,10,1,0,8,29,17,85,86,51,0,0,-
2022-2023,Ryan Hartman,MIN,R,59,794.65,11,16,10,6,27,77.14,113,9.73,11.15,229,182,116,40,13,16,82,30,26,2,2,26,29,23,59,48,37,201,278,41.96
2022-2023,Max Comtois,ANA,L,64,794.65,9,8,5,3,17,56.67,77,11.69,7.33,119,102,76,42,5,5,76,20,13,4,3,20,34,11,80,76,25,23,15,60.53
2022-2023,Brock McGinn,"ANA, PIT",L,75,791.35,9,5,2,3,14,60.87,73,12.33,7.67,131,106,76,35,2,11,17,7,6,1,0,17,16,17,80,69,28,2,4,33.33
2022-2023,Bowen Byram,COL,D,42,790.5666667,5,8,6,2,13,39.39,49,10.2,3.78,114,76,44,10,2,8,32,13,11,2,0,8,16,12,77,108,37,0,0,-
2022-2023,Morgan Barron,WPG,C,70,790,6,9,5,4,15,62.5,100,6,12.73,169,137,112,59,7,16,31,13,12,1,0,10,13,16,114,90,29,12,12,50
2022-2023,Jordan Oesterle,DET,D,52,788.8333333,2,9,3,6,11,44,54,3.7,2.73,104,75,35,4,1,7,19,8,7,1,0,6,18,4,41,58,62,0,0,-
2022-2023,Taylor Hall,BOS,L,61,788.6333333,9,16,10,6,25,65.79,114,7.89,11,198,151,125,58,12,19,22,11,11,0,0,17,34,24,30,105,26,2,3,40
2022-2023,Jacob Bryson,BUF,D,59,786.3166667,1,6,3,3,7,28,27,3.7,1.04,57,40,13,0,0,4,8,4,4,0,0,3,7,12,34,90,48,0,0,-
2022-2023,Christian Dvorak,MTL,C,64,780.8,6,13,3,10,19,76,60,10,6.34,102,79,66,30,2,5,6,3,3,0,0,6,22,17,10,40,41,352,319,52.46
2022-2023,Warren Foegele,EDM,L,67,776.0166667,12,15,10,5,27,77.14,121,9.92,15.02,215,175,141,80,8,18,26,13,13,0,0,16,25,47,92,73,13,7,6,53.85
2022-2023,Josh Bailey,NYI,R,64,774.1833333,8,13,8,5,21,60,63,12.7,7.2,97,79,71,30,7,13,2,1,1,0,0,3,39,17,11,24,24,34,48,41.46
2022-2023,Michael Amadio,VGK,"C, R",67,774.0666667,15,10,8,2,25,64.1,92,16.3,9.68,139,119,92,52,8,19,12,6,6,0,0,6,11,35,56,91,26,30,32,48.39
2022-2023,Derek Ryan,EDM,C,80,774.0333333,11,6,3,3,17,54.84,84,13.1,9.86,138,112,97,62,8,17,22,11,11,0,0,8,14,30,51,93,33,173,162,51.64
2022-2023,Jonatan Berggren,DET,R,67,773.1,9,9,5,4,18,64.29,82,10.98,6.99,129,110,73,32,5,8,14,7,7,0,0,6,23,14,20,62,23,2,3,40
2022-2023,Adam Henrique,ANA,C,62,772.8333333,15,10,4,6,25,71.43,94,15.96,10.23,150,117,101,52,4,13,18,9,9,0,0,8,27,14,26,32,26,131,120,52.19
2022-2023,James van Riemsdyk,PHI,L,61,772.25,8,13,7,6,21,61.76,95,8.42,9.7,156,125,90,52,7,14,26,13,13,0,0,6,9,23,16,53,16,7,7,50
2022-2023,Trevor Moore,L.A,"C, L",59,771.3833333,6,11,8,3,17,70.83,126,4.76,11.57,212,170,103,53,3,21,10,5,5,0,0,8,17,23,56,81,2,9,18,33.33
2022-2023,Denis Gurianov,"DAL, MTL",R,66,769.5666667,6,8,7,1,14,60.87,101,5.94,8.14,193,145,83,41,4,13,10,5,5,0,0,6,31,14,40,38,23,0,0,-
2022-2023,Jordan Greenway,"BUF, MIN",L,62,769.55,5,5,2,3,10,34.48,87,5.75,9.58,171,126,98,50,4,22,24,12,12,0,0,11,12,11,103,55,29,2,11,15.38
2022-2023,Sammy Blais,"NYR, STL",L,71,767.4,9,15,6,9,24,72.73,61,14.75,7.11,114,91,73,36,2,5,28,13,13,0,0,19,21,16,229,102,28,2,5,28.57
2022-2023,Gabriel Vilardi,L.A,"C, R",63,766.7666667,17,12,7,5,29,87.88,93,18.28,10.9,154,116,107,50,6,20,14,7,7,0,0,25,13,22,37,78,8,36,44,45
2022-2023,Derek Forbort,BOS,D,54,764.7833333,3,7,5,2,10,31.25,32,9.38,1.37,97,49,23,2,0,7,23,10,9,1,0,4,21,9,83,93,50,0,0,-
2022-2023,Zach Aston-Reese,TOR,C,77,764.4,10,4,2,2,14,66.67,82,12.2,9.06,157,131,103,59,11,11,23,10,9,1,0,8,11,16,161,125,37,6,7,46.15
2022-2023,Sonny Milano,WSH,L,64,763.65,10,17,8,9,27,67.5,72,13.89,9.46,129,111,79,47,3,11,18,8,8,0,0,7,18,21,38,112,10,0,0,-
2022-2023,Kirill Marchenko,CBJ,R,59,763.1,13,3,3,0,16,64,96,13.54,10.18,176,133,113,48,2,11,14,6,6,0,0,12,16,28,30,59,35,9,7,56.25
2022-2023,Corey Perry,T.B,R,81,762.4,6,6,4,2,12,52.17,80,7.5,9.42,145,120,93,54,6,9,87,22,11,9,2,23,23,28,45,69,3,0,0,-
2022-2023,Nils Aman,VAN,C,68,760.9166667,4,10,5,5,14,70,46,8.7,6.42,77,67,59,31,2,11,18,9,9,0,0,6,6,8,41,83,26,169,264,39.03
2022-2023,Jesper Boqvist,N.J,C,70,758.4333333,10,11,4,7,21,63.64,63,15.87,7.26,126,88,82,39,3,14,2,1,1,0,0,7,28,22,49,98,4,66,128,34.02
2022-2023,Jake DeBrusk,BOS,L,64,757.25,19,11,8,3,30,63.83,128,14.84,13.03,209,166,131,75,15,21,10,5,5,0,0,10,11,21,77,69,17,4,9,30.77
2022-2023,Ryan Donato,SEA,C,71,751.8333333,14,11,8,3,25,59.52,118,11.86,11.16,194,147,113,54,6,14,46,16,13,2,1,16,15,35,68,83,8,60,80,42.86
2022-2023,Wade Allison,PHI,R,60,748.85,9,5,1,4,14,60.87,87,10.34,11.79,153,128,95,61,7,19,36,11,8,2,1,7,7,20,187,92,54,1,5,16.67
2022-2023,Kyle Palmieri,NYI,C,55,748.0333333,13,14,11,3,27,61.36,80,16.25,10.03,165,124,122,58,6,15,20,10,10,0,0,16,17,9,68,60,13,8,13,38.1
2022-2023,Calen Addison,MIN,D,62,746.7333333,3,4,1,3,7,25.93,53,5.66,1.74,109,76,20,4,1,2,22,11,11,0,0,2,18,9,17,68,31,0,0,-
2022-2023,Kaiden Guhle,MTL,D,44,744.1333333,4,12,9,3,16,53.33,38,10.53,2.06,93,55,34,7,2,5,23,10,9,1,0,8,46,21,73,73,48,0,0,-
2022-2023,Gavin Bayreuther,CBJ,D,51,741.0333333,2,11,4,7,13,52,56,3.57,2.29,112,69,26,5,2,9,21,9,8,1,0,5,9,8,45,59,63,0,0,-
2022-2023,Anthony Cirelli,T.B,C,58,740.9,7,14,10,4,21,60,90,7.78,11.41,161,130,115,67,7,19,31,10,8,1,1,16,15,31,31,55,2,291,265,52.34
2022-2023,Tyler Johnson,CHI,C,56,739.5,6,11,6,5,17,70.83,88,6.82,10.41,150,124,97,42,5,11,12,6,6,0,0,4,19,31,48,31,23,34,39,46.58
2022-2023,Alexey Toropchenko,STL,R,69,738.9666667,8,9,5,4,17,60.71,79,10.13,7.35,119,94,77,45,4,8,8,4,4,0,0,9,21,14,121,89,28,2,6,25
2022-2023,Paul Stastny,CAR,C,73,738.2833333,7,11,5,6,18,62.07,69,10.14,10.93,115,100,91,60,2,21,14,7,7,0,0,7,7,20,20,32,15,235,175,57.32
2022-2023,Kasperi Kapanen,"PIT, STL",R,66,737.65,8,16,12,4,24,77.42,96,8.33,6.77,148,121,75,24,3,10,16,8,8,0,0,8,17,15,93,56,15,27,40,40.3
2022-2023,Connor Dewar,MIN,C,81,736.6166667,3,10,5,5,13,76.47,71,4.23,7.1,144,103,79,33,5,7,38,12,9,2,1,8,9,10,115,71,39,199,241,45.23
2022-2023,Matt Irwin,WSH,D,61,736.0833333,2,3,1,2,5,22.73,79,2.53,2.72,139,102,30,9,2,10,36,12,8,4,0,10,17,9,114,102,58,0,0,-
2022-2023,Nicolas Deslauriers,PHI,L,80,735.5,5,6,1,5,11,61.11,66,7.58,6.78,125,102,66,31,2,6,136,31,13,14,4,22,7,11,302,60,18,3,4,42.86
2022-2023,Stefan Noesen,CAR,R,78,735,5,15,8,7,20,64.52,91,5.49,13.44,164,143,98,64,3,29,20,7,5,2,0,10,25,27,93,65,16,29,30,49.15
2022-2023,Valeri Nichushkin,COL,R,53,734.9166667,5,19,10,9,24,63.16,107,4.67,8.72,176,140,106,38,6,10,2,1,1,0,0,11,21,25,51,55,23,0,1,0
2022-2023,Cole Sillinger,CBJ,C,64,734.6,1,6,4,2,7,35,81,1.23,9.59,160,123,97,40,2,20,18,9,9,0,0,3,15,15,101,67,31,279,346,44.64
2022-2023,Kyle Burroughs,VAN,D,48,734.3333333,2,2,2,0,4,19.05,45,4.44,1.86,89,57,25,4,1,9,58,17,9,8,0,17,12,5,155,126,54,0,0,-
2022-2023,Ryan O'Reilly,"STL, TOR",C,53,728.55,11,10,5,5,21,63.64,76,14.47,8.55,123,97,91,46,7,14,14,7,7,0,0,8,10,41,15,29,19,378,291,56.5
2022-2023,Joel Kiviranta,DAL,L,70,725.65,6,1,0,1,7,53.85,68,8.82,7.85,125,94,78,39,2,10,38,17,17,0,0,12,13,22,112,116,14,2,2,50
2022-2023,Alex Iafallo,L.A,L,59,725.2333333,6,18,10,8,24,75,101,5.94,8.9,167,128,93,46,3,17,16,8,8,0,0,7,7,24,26,47,2,6,5,54.55
2022-2023,T.J. Oshie,WSH,R,58,723.9,10,12,5,7,22,75.86,72,13.89,9.26,137,108,96,51,4,14,51,17,13,3,1,23,24,40,116,53,25,14,12,53.85
2022-2023,Oskar Sundqvist,"DET, MIN",C,67,723.55,6,12,5,7,18,64.29,48,12.5,6.33,94,68,63,34,1,10,26,13,13,0,0,20,17,13,59,65,24,21,22,48.84
2022-2023,Eeli Tolvanen,"NSH, SEA",R,61,722.05,14,8,5,3,22,53.66,88,15.91,7.78,159,127,79,34,2,11,14,7,7,0,0,5,7,18,90,44,42,2,9,18.18
2022-2023,Mathieu Olivier,CBJ,R,66,720.6,5,8,6,2,13,61.9,73,6.85,8.91,134,105,79,52,5,18,81,27,18,9,0,17,8,16,177,61,46,1,10,9.09
2022-2023,Cole Smith,NSH,L,69,717.95,3,9,8,1,12,66.67,52,5.77,7.42,99,80,74,41,3,8,58,20,14,6,0,20,14,21,189,112,15,0,1,0
2022-2023,Nick Bonino,"PIT, S.J",C,62,716.6666667,9,7,6,1,16,51.61,74,12.16,9.38,122,98,84,45,4,19,26,9,8,0,1,4,11,28,18,35,10,156,164,48.75
2022-2023,Arber Xhekaj,MTL,D,51,713.7333333,3,7,5,2,10,41.67,64,4.69,2.11,156,92,29,4,7,15,87,26,16,9,1,15,33,14,155,69,43,0,0,-
2022-2023,Alex Goligoski,MIN,D,46,706.9166667,0,2,2,0,2,9.52,55,0,2.04,104,67,23,6,3,9,16,8,8,0,0,1,16,9,28,41,53,0,0,-
2022-2023,Isac Lundestrom,ANA,C,61,705.4333333,3,7,3,4,10,50,55,5.45,6.1,96,74,65,35,3,9,2,1,1,0,0,5,12,19,18,35,30,249,278,47.25
2022-2023,Scott Harrington,"ANA, S.J",D,45,700.8166667,3,7,3,4,10,30.3,31,9.68,1.46,82,56,23,4,3,7,10,5,5,0,0,0,10,5,51,39,33,0,0,-
2022-2023,Jonathan Drouin,MTL,L,58,700.4833333,2,16,9,7,18,78.26,54,3.7,6.26,100,73,58,28,2,11,16,8,8,0,0,8,17,29,28,19,15,154,185,45.43
2022-2023,Adam Erne,DET,L,61,699.8666667,6,8,4,4,14,70,48,12.5,5.64,107,78,64,28,1,5,19,8,7,1,0,8,15,11,155,50,37,10,12,45.45
2022-2023,Calle Rosen,STL,D,49,697.6,8,10,4,6,18,40.91,58,13.79,2.33,110,76,37,3,3,6,8,4,4,0,0,1,25,10,15,48,41,0,0,-
2022-2023,Noah Gregor,S.J,C,57,692.5,10,6,5,1,16,64,113,8.85,11.11,186,155,118,47,12,18,28,11,9,2,0,11,10,25,94,38,10,5,12,29.41
2022-2023,Nic Dowd,WSH,C,65,692.2333333,13,10,7,3,23,74.19,55,23.64,6.98,96,75,69,34,1,9,24,11,11,0,0,15,28,24,128,83,38,336,270,55.45
2022-2023,Jonathan Toews,CHI,C,53,685.8,4,10,6,4,14,70,47,8.51,4.24,83,62,44,21,5,9,43,16,14,1,1,11,32,30,7,28,16,384,246,60.95
2022-2023,Cal Foote,"NSH, T.B",D,50,683.9833333,2,5,2,3,7,23.33,37,5.41,1.33,79,55,16,2,2,4,52,19,16,2,1,7,16,8,56,65,34,0,0,-
2022-2023,Calvin de Haan,CAR,D,53,682.0333333,2,10,4,6,12,40,50,4,3.1,151,100,47,10,4,11,20,10,10,0,0,3,17,15,79,70,42,0,0,-
2022-2023,Oskar Lindblom,S.J,L,73,679.45,6,8,3,5,14,60.87,70,8.57,6.81,124,94,82,34,8,14,14,7,7,0,0,3,12,12,62,58,3,8,10,44.44
2022-2023,Paul Cotter,VGK,C,55,679.0166667,13,5,2,3,18,69.23,75,17.33,7.43,125,92,81,43,7,8,13,5,4,1,0,11,11,17,163,129,15,9,13,40.91
2022-2023,Adam Boqvist,CBJ,D,46,677.9166667,5,8,4,4,13,39.39,44,11.36,2.36,87,62,40,7,2,4,6,3,3,0,0,8,22,10,21,42,33,0,0,-
2022-2023,Gustav Nyquist,"CBJ, MIN","C, L",51,677.1666667,8,12,7,5,20,74.07,75,10.67,7.1,124,99,74,32,5,11,12,6,6,0,0,3,16,23,35,33,26,10,15,40
2022-2023,Riley Stillman,"BUF, VAN",D,50,677.05,1,7,2,5,8,26.67,37,2.7,1.79,103,61,17,6,3,4,32,10,6,4,0,8,12,6,78,47,35,0,0,-
2022-2023,MacKenzie Entwistle,CHI,R,66,677,3,5,1,4,8,47.06,40,7.5,3.78,87,66,47,17,4,3,14,7,7,0,0,9,19,15,126,70,26,84,96,46.67
2022-2023,Michael Rasmussen,DET,C,56,676.4,7,14,9,5,21,67.74,70,10,8.08,125,99,92,52,8,14,41,19,18,1,0,23,7,14,118,96,34,156,156,50
2022-2023,Craig Smith,"BOS, WSH",C,64,673.6833333,9,6,1,5,15,51.72,99,9.09,9.72,170,126,99,44,4,16,18,9,9,0,0,5,21,22,47,78,16,2,7,22.22
2022-2023,Ryan Reaves,"MIN, NYR",R,73,671.25,5,10,5,5,15,71.43,48,10.42,6.54,78,68,54,36,3,6,38,10,4,6,0,13,16,15,196,55,22,4,11,26.67
2022-2023,Justin Braun,PHI,D,51,670.8333333,0,2,2,0,2,9.09,42,0,1.12,98,66,27,0,2,6,19,8,7,1,0,4,9,8,43,68,35,0,0,-
2022-2023,Liam Foudy,CBJ,C,62,670.8,7,7,6,1,14,73.68,61,11.48,7.11,118,88,72,36,5,7,6,3,3,0,0,9,7,20,58,45,15,2,4,33.33
2022-2023,Nathan Beaulieu,ANA,D,52,668.8166667,0,4,2,2,4,17.39,30,0,1.25,76,44,20,5,1,7,37,11,6,5,0,7,15,9,48,31,54,0,0,-
2022-2023,John Carlson,WSH,D,40,664.55,3,8,5,3,11,34.38,77,3.9,3.62,167,119,48,6,4,10,10,5,5,0,0,5,21,13,37,34,60,0,0,-
2022-2023,Cole Perfetti,WPG,C,51,662.75,5,18,8,10,23,79.31,73,6.85,7.82,128,100,87,37,7,6,16,8,8,0,0,5,14,17,32,43,21,3,7,30
2022-2023,Teddy Blueger,"PIT, VGK",C,63,662.4666667,3,10,8,2,13,68.42,74,4.05,8.75,113,93,71,46,1,11,20,6,5,0,1,8,15,20,67,47,35,226,190,54.33
2022-2023,Denis Malgin,"COL, TOR",C,65,661.3666667,13,7,5,2,20,80,105,12.38,9.89,185,140,120,46,2,14,8,4,4,0,0,8,23,29,67,76,17,4,6,40
2022-2023,Luke Glendening,DAL,C,70,661.2833333,1,2,0,2,3,30,53,1.89,7.14,121,94,79,42,8,11,50,14,10,2,2,15,7,8,109,81,33,254,165,60.62
2022-2023,William Carrier,VGK,L,56,660.3833333,16,9,8,1,25,78.13,112,14.29,12.56,163,137,112,75,7,16,30,15,15,0,0,13,8,18,132,83,17,1,7,12.5
2022-2023,Ondrej Palat,N.J,L,49,658.4833333,7,11,8,3,18,58.06,65,10.77,7.37,125,92,85,39,2,16,6,3,3,0,0,9,21,19,64,54,3,0,8,0
2022-2023,Quinton Byfield,L.A,C,53,657.1,1,18,10,8,19,51.35,60,1.67,6.88,121,99,71,38,4,10,30,15,15,0,0,10,17,16,52,85,3,46,53,46.46
2022-2023,Andre Burakovsky,SEA,L,49,656.25,8,14,10,4,22,73.33,79,10.13,6.41,141,106,79,23,3,11,14,7,7,0,0,9,14,29,17,64,12,0,5,0
2022-2023,Morgan Geekie,SEA,C,69,655.7166667,8,19,11,8,27,65.85,73,10.96,7.67,121,106,72,38,6,10,24,9,7,2,0,8,14,24,52,67,23,251,253,49.8
2022-2023,Brett Howden,VGK,C,54,654.4666667,5,7,4,3,12,54.55,52,9.62,7.16,105,82,73,35,4,7,55,22,20,1,1,16,6,22,103,84,26,114,99,53.52
2022-2023,Tyler Bertuzzi,"BOS, DET",L,50,653,4,15,10,5,19,57.58,87,4.6,8.5,144,116,84,40,2,11,14,7,7,0,0,8,22,12,49,38,20,2,9,18.18
2022-2023,Filip Forsberg,NSH,L,50,651.1166667,14,12,8,4,26,72.22,104,13.46,10.83,192,153,107,48,10,23,14,7,7,0,0,15,23,26,81,39,15,0,0,-
2022-2023,Zach Bogosian,T.B,D,46,650.75,1,4,3,1,5,20,52,1.92,1.81,115,71,30,5,1,8,32,12,11,0,1,4,25,4,110,50,9,1,0,100
2022-2023,Pierre-Edouard Bellemare,T.B,L,73,650.7166667,4,7,6,1,11,61.11,45,8.89,4.36,81,69,50,24,2,4,32,9,6,2,1,8,19,21,58,105,5,256,219,53.89
2022-2023,Ryan McLeod,EDM,C,57,645.1666667,9,11,8,3,20,74.07,61,14.75,7.82,119,91,83,36,5,8,16,8,8,0,0,6,37,18,38,65,12,237,246,49.07
2022-2023,Jacob MacDonald,"COL, S.J",D,58,642.4333333,1,6,3,3,7,41.18,67,1.49,4.37,130,94,51,20,2,14,23,10,9,1,0,7,30,10,65,74,16,0,0,-
2022-2023,Danton Heinen,PIT,L,65,642.25,7,13,8,5,20,80,87,8.05,9.16,149,113,87,38,5,12,12,6,6,0,0,4,15,22,76,58,25,2,3,40
2022-2023,Nikita Zaitsev,"CHI, OTT",D,46,641.9833333,1,6,2,4,7,30.43,17,5.88,0.55,47,32,12,1,1,6,18,9,9,0,0,2,22,5,91,64,51,0,0,-
2022-2023,Evander Kane,EDM,L,41,641.9333333,14,7,3,4,21,80.77,126,11.11,11.55,221,165,138,56,6,18,45,21,20,1,0,17,30,9,122,62,9,12,19,38.71
2022-2023,Aliaksei Protas,WSH,C,58,641.6666667,4,11,5,6,15,65.22,81,4.94,8.26,135,103,79,42,3,13,12,6,6,0,0,2,20,16,39,52,9,20,42,32.26
2022-2023,Tomas Nosek,BOS,L,66,639.7666667,4,10,5,5,14,70,56,7.14,5.5,94,78,60,28,4,3,46,16,13,2,1,7,19,12,59,79,22,276,188,59.48
2022-2023,Jarred Tinordi,CHI,D,44,639.4833333,2,6,2,4,8,50,30,6.67,1.22,75,50,17,3,3,5,31,11,8,3,0,12,18,11,125,64,47,0,0,-
2022-2023,Nick Foligno,BOS,L,60,637.45,8,13,10,3,21,63.64,59,13.56,5.84,95,79,61,31,2,10,43,17,14,3,0,17,14,20,145,51,25,25,24,51.02
2022-2023,Ryan Johansen,NSH,C,55,633.1333333,6,9,5,4,15,68.18,51,11.76,7,91,71,64,35,3,11,32,15,15,0,0,6,17,19,42,41,14,362,236,60.54
2022-2023,Cole Caufield,MTL,R,46,632.65,17,7,2,5,24,64.86,105,16.19,9.72,190,145,95,36,14,10,2,1,1,0,0,10,20,19,17,33,11,0,0,-
2022-2023,Alexandre Carrier,NSH,D,43,630.0333333,1,5,2,3,6,30,41,2.44,2.5,87,58,27,6,3,11,25,11,10,1,0,7,11,11,51,110,45,0,0,-
2022-2023,Tyler Motte,"NYR, OTT","C, L",62,626.1833333,6,11,7,4,17,77.27,98,6.12,10.01,165,127,95,55,4,26,6,3,3,0,0,20,23,19,116,65,43,12,20,37.5
2022-2023,Mark Stone,VGK,R,43,620.35,11,13,8,5,24,68.57,79,13.92,11.05,137,111,104,61,2,11,6,3,3,0,0,8,18,36,26,39,16,0,1,0
2022-2023,Ilya Mikheyev,VAN,R,46,619.6333333,12,13,8,5,25,62.5,78,15.38,8.05,115,93,79,41,2,10,2,1,1,0,0,9,8,12,13,26,9,2,5,28.57
2022-2023,Daniel Sprong,SEA,R,66,618.8166667,15,17,14,3,32,80,109,13.76,8.93,203,154,93,32,3,11,14,7,7,0,0,6,18,20,32,38,13,2,3,40
2022-2023,Michael Eyssimont,"S.J, T.B, WPG",C,54,613.15,5,9,4,5,14,50,113,4.42,12.09,198,162,111,58,9,17,59,21,17,3,1,20,13,26,104,97,7,11,20,35.48
2022-2023,Derick Brassard,OTT,C,62,612.0833333,8,5,4,1,13,54.17,65,12.31,6.74,108,88,70,36,4,9,24,12,12,0,0,8,17,14,88,27,7,113,116,49.34
2022-2023,Zack MacEwen,"L.A, PHI",C,56,608.1333333,4,6,1,5,10,62.5,69,5.8,6.58,130,97,74,36,5,6,60,18,10,8,0,15,12,13,148,78,20,14,13,51.85
2022-2023,Colton White,ANA,D,46,607.8,0,4,2,2,4,20,28,0,1.6,55,37,18,6,1,5,8,4,4,0,0,3,11,7,33,91,28,0,0,-
2022-2023,Derek Stepan,CAR,C,73,607.4666667,5,5,4,1,10,45.45,93,5.38,9.02,173,139,92,47,9,20,8,4,4,0,0,5,9,19,27,52,14,197,160,55.18
2022-2023,Colin White,FLA,C,68,607.3333333,7,7,5,2,14,58.33,59,11.86,5.72,108,83,67,29,5,4,12,6,6,0,0,6,16,14,60,53,27,78,105,42.62
2022-2023,Jake Evans,MTL,C,54,607.1333333,0,13,11,2,13,68.42,44,0,4.44,90,59,53,26,5,4,22,8,6,2,0,13,26,13,25,52,24,250,212,54.11
2022-2023,Boris Katchouk,CHI,L,58,606.7,5,9,6,3,14,77.78,55,9.09,5.33,116,85,67,27,11,8,25,9,8,1,0,10,14,19,80,39,8,3,11,21.43
2022-2023,Patrick Brown,"OTT, PHI",C,61,605.1666667,3,8,4,4,11,57.89,54,5.56,5.47,115,92,48,26,2,3,44,14,11,2,1,8,12,6,166,68,32,150,133,53
2022-2023,Evgeny Svechnikov,S.J,L,59,604.5333333,8,6,5,1,14,53.85,61,13.11,7.19,115,88,74,39,5,12,26,13,13,0,0,11,17,24,98,62,3,5,4,55.56
2022-2023,Austin Watson,OTT,L,75,598.8666667,6,2,1,1,8,61.54,64,9.38,5.8,119,96,66,34,10,8,123,30,14,13,3,21,20,16,159,80,32,4,6,40
2022-2023,Hudson Fasching,NYI,R,49,598.2,10,8,6,2,18,54.55,60,16.67,7.85,108,78,77,50,4,13,10,5,5,0,0,8,12,16,45,40,20,2,8,20
2022-2023,Sheldon Dries,VAN,C,63,597.1666667,6,4,2,2,10,45.45,77,7.79,7.13,126,99,81,41,1,13,29,10,7,3,0,12,15,4,79,27,35,194,201,49.11
2022-2023,Tyler Pitlick,STL,C,61,594.9833333,7,9,7,2,16,69.57,52,13.46,5.79,94,77,59,27,2,13,14,7,7,0,0,11,6,18,103,69,24,2,2,50
2022-2023,Mathieu Joseph,OTT,R,56,594.8,0,12,8,4,12,46.15,49,0,4.7,98,71,54,25,3,7,24,12,12,0,0,15,16,18,77,64,13,3,4,42.86
2022-2023,Chad Ruhwedel,PIT,D,47,587.6666667,1,4,1,3,5,23.81,32,3.13,1.41,92,55,22,4,2,9,18,9,9,0,0,2,8,14,76,49,34,0,0,-
2022-2023,Nicolas Aube-Kubel,"TOR, WSH",R,53,587.0666667,4,8,3,5,12,57.14,66,6.06,6.88,132,101,77,37,4,12,40,17,15,2,0,12,18,14,116,82,9,6,7,46.15
2022-2023,Emil Bemstrom,CBJ,R,55,586.95,3,12,7,5,15,65.22,71,4.23,7.21,143,105,87,38,1,8,4,2,2,0,0,7,8,16,16,36,19,7,9,43.75
2022-2023,Michael Stone,CGY,D,48,585.55,5,3,1,2,8,27.59,84,5.95,2.47,189,120,33,2,3,13,35,16,15,1,0,7,14,5,53,54,53,0,0,-
2022-2023,Rasmus Kupari,L.A,C,66,584.6666667,3,11,7,4,14,63.64,45,6.67,4.97,87,67,49,24,3,9,12,6,6,0,0,8,10,13,77,73,3,202,176,53.44
2022-2023,Radim Simek,S.J,D,44,581.95,1,2,2,0,3,18.75,36,2.78,2.57,76,53,27,7,3,8,29,13,12,1,0,6,22,19,86,62,20,0,0,-
2022-2023,Tommy Novak,NSH,C,51,581.2166667,11,16,11,5,27,81.82,65,16.92,6.49,107,82,69,24,2,11,6,3,3,0,0,11,14,23,7,63,20,162,212,43.32
2022-2023,Nick Blankenburg,CBJ,D,36,580.7666667,3,5,3,2,8,34.78,41,7.32,2.26,86,56,30,6,2,6,14,7,7,0,0,4,11,10,51,46,39,0,0,-
2022-2023,Liam O'Brien,ARI,C,56,579.4,3,7,4,3,10,62.5,36,8.33,3.54,70,52,38,14,0,5,104,31,21,8,2,20,19,5,199,79,24,4,10,28.57
2022-2023,Brett Leason,ANA,R,54,578.5166667,6,3,2,1,9,69.23,50,12,5.47,100,77,54,22,5,5,14,7,7,0,0,8,8,9,34,60,15,2,4,33.33
2022-2023,Ben Harpur,NYR,D,42,576.7833333,1,5,0,5,6,27.27,34,2.94,0.82,77,47,17,1,2,3,20,7,5,2,0,5,23,13,63,65,43,0,0,-
2022-2023,Jujhar Khaira,CHI,L,51,571.9,4,5,2,3,9,56.25,49,8.16,5.87,94,73,59,30,4,12,27,9,6,3,0,5,19,18,101,34,24,125,123,50.4
2022-2023,Carl Grundstrom,L.A,R,57,568.75,11,7,5,2,18,72,86,12.79,7.94,162,126,88,41,11,11,12,6,6,0,0,5,15,14,141,67,1,3,4,42.86
2022-2023,Josh Leivo,STL,L,51,566.9833333,4,12,9,3,16,59.26,86,4.65,8.84,155,121,88,43,9,13,25,7,5,1,1,8,10,29,55,33,12,3,4,42.86
2022-2023,Mason Shaw,MIN,C,59,563.9333333,6,8,3,5,14,87.5,81,7.41,5.27,134,100,50,23,10,7,79,20,11,7,2,18,14,13,83,82,20,12,11,52.17
2022-2023,Klim Kostin,EDM,C,57,563.85,11,8,6,2,19,67.86,56,19.64,5.89,100,76,63,31,3,4,66,22,17,4,1,24,15,12,157,69,13,4,6,40
2022-2023,Saku Maenalanen,WPG,R,64,561.6333333,4,6,2,4,10,71.43,55,7.27,6.2,100,82,52,30,7,8,14,7,7,0,0,10,16,14,111,58,18,1,2,33.33
2022-2023,Justin Barron,MTL,D,39,559.85,2,10,5,5,12,41.38,33,6.06,1.29,76,42,26,3,0,4,18,9,9,0,0,6,34,4,47,36,33,0,0,-
2022-2023,Reese Johnson,CHI,C,57,558.0166667,4,2,1,1,6,42.86,50,8,4.84,83,67,44,18,3,7,28,11,9,2,0,9,6,10,173,42,18,103,83,55.38
2022-2023,Chris Wideman,MTL,D,46,555.3333333,0,4,2,2,4,16.67,29,0,0.89,60,42,12,2,2,2,77,21,16,1,4,7,35,7,25,66,47,0,0,-
2022-2023,Michael Pezzetta,MTL,L,63,553.15,7,7,7,0,14,53.85,67,10.45,6.29,111,84,65,32,2,12,77,25,16,9,0,20,17,4,236,46,23,7,10,41.18
2022-2023,Nikolaj Ehlers,WPG,L,45,549.55,9,16,12,4,25,92.59,100,9,8.87,217,160,105,33,3,18,11,4,3,1,0,16,18,26,35,29,7,0,1,0
2022-2023,Kevin Bahl,N.J,D,42,548.45,2,6,2,4,8,33.33,27,7.41,1.48,79,47,20,1,1,6,33,11,9,1,1,3,11,6,59,49,7,0,0,-
2022-2023,Dylan Gambrell,OTT,C,60,544.8333333,4,4,3,1,8,53.33,43,9.3,4.33,82,60,51,23,2,6,23,10,9,1,0,2,13,10,59,69,36,123,141,46.59
2022-2023,Robert Hagg,DET,D,38,542.5166667,2,5,4,1,7,38.89,38,5.26,1.95,78,59,18,4,1,4,24,12,12,0,0,4,14,4,108,52,35,0,0,-
2022-2023,A.J. Greer,BOS,L,61,542.5,4,7,4,3,11,52.38,65,6.15,7.1,106,84,75,36,3,13,114,25,12,8,5,16,14,16,101,74,21,2,1,66.67
2022-2023,Juuso Parssinen,NSH,C,45,540.3833333,3,12,6,6,15,65.22,43,6.98,6.34,73,62,54,37,1,5,15,6,5,1,0,9,12,23,72,41,17,140,139,50.18
2022-2023,Mason Appleton,WPG,C,41,538.85,3,9,4,5,12,57.14,61,4.92,5.42,98,82,51,28,2,12,8,4,4,0,0,10,9,9,41,58,6,1,5,16.67
2022-2023,Colin Blackwell,CHI,C,53,536.1833333,2,7,6,1,9,64.29,44,4.55,4.19,87,62,44,18,3,5,4,2,2,0,0,15,14,12,47,43,10,16,13,55.17
2022-2023,Nathan Walker,STL,L,56,535.3666667,2,8,4,4,10,43.48,39,5.13,3.18,72,53,43,17,2,8,23,7,4,3,0,13,5,6,80,54,33,88,74,54.32
2022-2023,Simon Holmstrom,NYI,R,50,534.15,6,3,1,2,9,64.29,38,15.79,4.34,75,57,57,17,1,12,0,0,0,0,0,4,13,21,9,32,21,0,3,0
2022-2023,Andreas Englund,"CHI, COL",D,47,530.1166667,0,3,2,1,3,21.43,31,0,1.26,72,52,13,4,2,6,30,9,5,4,0,10,7,8,127,77,26,0,0,-
2022-2023,Arthur Kaliyev,L.A,R,56,527.3,5,10,4,6,15,60,85,5.88,9.41,152,119,98,48,7,11,10,5,5,0,0,6,11,8,38,70,0,0,0,-
2022-2023,Mark Kastelic,OTT,C,65,525.6666667,7,4,2,2,11,64.71,70,10,7.69,110,93,69,42,4,8,102,23,11,8,4,14,13,17,151,59,27,275,199,58.02
2022-2023,Philip Broberg,EDM,D,46,523.6166667,1,7,2,5,8,27.59,30,3.33,1.38,69,40,21,4,2,3,2,1,1,0,0,3,19,11,28,54,25,0,0,-
2022-2023,Curtis Lazar,"N.J, VAN",C,49,518.7833333,3,2,1,1,5,35.71,50,6,5.41,79,64,47,35,5,5,21,9,8,1,0,7,5,13,135,68,43,126,112,52.94
2022-2023,Rem Pitlick,MTL,C,46,515.9,3,8,6,2,11,78.57,25,12,4,50,44,39,18,4,3,20,10,10,0,0,10,27,10,20,25,17,23,32,41.82
2022-2023,Brad Hunt,COL,D,47,515.75,3,6,3,3,9,45,45,6.67,1.97,96,66,19,2,1,8,12,6,6,0,0,1,6,8,16,33,7,0,0,-
2022-2023,Mark Jankowski,NSH,C,50,514.05,4,5,3,2,9,75,52,7.69,5.19,97,74,63,31,3,6,18,8,8,0,0,5,12,12,43,41,23,160,112,58.82
2022-2023,Derek Grant,ANA,C,46,510.9666667,3,11,7,4,14,73.68,60,5,5.78,103,79,49,26,1,7,16,8,8,0,0,5,8,13,34,25,18,172,131,56.77
2022-2023,Josh Archibald,PIT,R,62,505.0666667,5,6,2,4,11,52.38,61,8.2,5.89,96,82,58,32,8,6,41,15,13,1,1,18,5,9,183,71,19,0,1,0
2022-2023,Gustav Lindstrom,DET,D,36,502.3333333,1,7,3,4,8,57.14,18,5.56,1.19,47,29,16,3,2,4,20,10,10,0,0,1,17,1,38,65,31,0,0,-
2022-2023,Cal Clutterbuck,NYI,R,49,500.1666667,5,5,2,3,10,55.56,40,12.5,4.66,70,59,44,21,2,7,26,9,8,0,1,3,14,8,190,51,25,0,1,0
